iso3c,country,year,total_cases_per_million,total_deaths_per_million,excess_mortality,vaccination_rate,full_vaccination_rate,booster_rate,peak_icu_patients,peak_hosp_patients,avg_stringency,population
ABW,Aruba,2020,48500.82,436.02,570.37,NA,NA,NA,NA,NA,45.664226519337,106459
ABW,Aruba,2021,159241.88,1679.16,3305.71,79.61,74.21,NA,NA,NA,42.77775342465753,106459
ABW,Aruba,2022,405892.84,2597.6,NA,84.68,78.89,NA,NA,NA,26.78898630136986,106459
ABW,Aruba,2023,410271.62,2708.92,NA,85.04,79.24,NA,NA,NA,NA,106459
ABW,Aruba,2024,410271.62,2708.92,NA,85.05,79.25,NA,NA,NA,NA,106459
AFG,Afghanistan,2020,1277.71,53.18,NA,NA,NA,NA,NA,NA,41.94569060773484,41128772
AFG,Afghanistan,2021,3891.24,181.18,NA,10.07,9.13,NA,NA,NA,29.2422191780822,41128772
AFG,Afghanistan,2022,5109.12,193.33,NA,27.86,26.15,NA,NA,NA,11.415643835616454,41128772
AFG,Afghanistan,2023,5677.22,196.48,NA,46.56,44.67,6.64,NA,NA,NA,41128772
AFG,Afghanistan,2024,5796.47,197.1,NA,NA,NA,NA,NA,NA,NA,41128772
AGO,Angola,2020,481.24,11.22,NA,NA,NA,NA,NA,NA,58.971408839778995,35588996
AGO,Angola,2021,1996.41,49,NA,21.59,11.04,NA,NA,NA,58.86306849315068,35588996
AGO,Angola,2022,2948.5,54.13,NA,42.12,23.19,4.09,NA,NA,37.65684931506848,35588996
AGO,Angola,2023,3000.64,54.36,NA,46.5,27,8.62,NA,NA,NA,35588996
AGO,Angola,2024,3016.16,54.36,NA,NA,NA,NA,NA,NA,NA,35588996
AIA,Anguilla,2020,844.95,0,NA,NA,NA,NA,NA,NA,NA,15877
AIA,Anguilla,2021,115899.17,352.06,NA,63.48,58.09,6.19,NA,NA,NA,15877
AIA,Anguilla,2022,274890.88,844.95,NA,68.35,65.33,18.88,NA,NA,NA,15877
AIA,Anguilla,2023,274890.88,844.95,NA,68.36,65.38,20.84,NA,NA,NA,15877
AIA,Anguilla,2024,274890.88,844.95,NA,NA,NA,NA,NA,NA,NA,15877
ALB,Albania,2020,19585.41,401.04,2027.45,NA,NA,NA,NA,NA,55.80602209944752,2842318
ALB,Albania,2021,73284.73,1127.1,5133.62,40.16,36.28,5.07,NA,NA,48.59090410958905,2842318
ALB,Albania,2022,117650.39,1271.74,5584.03,47.22,44.68,13.27,NA,NA,21.522547945205496,2842318
ALB,Albania,2023,118331.52,1274.57,5040.67,47.47,45.01,14.16,NA,NA,NA,2842318
ALB,Albania,2024,118491.02,1274.93,NA,NA,NA,NA,NA,NA,NA,2842318
AND,Andorra,2020,97915.26,1041.12,1152.81,NA,NA,NA,NA,NA,38.639281767955815,79843
AND,Andorra,2021,272572.2,1743.56,1773.4,71.5,64.37,10.98,NA,NA,49.393643835616444,79843
AND,Andorra,2022,598153.56,1981.89,NA,72.52,66.99,53.88,NA,NA,12.836712328767142,79843
AND,Andorra,2023,602280.44,1994.43,NA,72.53,67.01,53.94,NA,NA,NA,79843
AND,Andorra,2024,602280.44,1994.43,NA,NA,NA,NA,NA,NA,NA,79843
ARE,United Arab Emirates,2020,19614.37,63.95,122.64,NA,NA,NA,NA,NA,50.96588397790054,9441138
ARE,United Arab Emirates,2021,73181.39,210.5,386.5,104.66,95.96,36.61,NA,NA,51.08317808219177,9441138
ARE,United Arab Emirates,2022,102181.24,229.25,NA,105.83,103.72,54.43,NA,NA,31.20030136986302,9441138
ARE,United Arab Emirates,2023,104180.94,229.35,NA,NA,NA,NA,NA,NA,NA,9441138
ARE,United Arab Emirates,2024,104180.94,229.35,NA,NA,NA,NA,NA,NA,NA,9441138
ARG,Argentina,2020,35894.81,1046.23,801.76,0.1,0,0,112.48,NA,71.3655191256831,45510324
ARG,Argentina,2021,122443.8,2594.92,2887.62,85.31,67.63,13.59,175.1,NA,66.84098630136987,45510324
ARG,Argentina,2022,217828.58,2865.67,4093.72,91.03,76.48,74.46,64.71,NA,19.029013698630138,45510324
ARG,Argentina,2023,221216.05,2873.33,NA,91.24,76.69,82.31,NA,NA,NA,45510324
ARG,Argentina,2024,222455.06,2877.54,NA,91.25,76.69,82.87,NA,NA,NA,45510324
ARM,Armenia,2020,54786.68,960.82,3572.84,NA,NA,NA,NA,NA,NA,2780472
ARM,Armenia,2021,119574.8,2757.14,7123.47,33.59,24.89,0.02,NA,NA,NA,2780472
ARM,Armenia,2022,154668.89,3022.68,8041.94,40.23,35.45,1.46,NA,NA,NA,2780472
ARM,Armenia,2023,156697.1,3045.94,8289.06,41.39,37.07,2.93,NA,NA,NA,2780472
ARM,Armenia,2024,156991.11,3046.64,NA,NA,NA,NA,NA,NA,NA,2780472
ASM,American Samoa,2020,0,0,NA,NA,NA,NA,NA,NA,NA,44295
ASM,American Samoa,2021,227.44,0,NA,NA,NA,NA,NA,NA,NA,44295
ASM,American Samoa,2022,170908.72,702.99,NA,NA,NA,NA,NA,NA,NA,44295
ASM,American Samoa,2023,172831.6,702.99,NA,NA,NA,NA,NA,NA,NA,44295
ASM,American Samoa,2024,172831.6,702.99,NA,NA,NA,NA,NA,NA,NA,44295
ATG,Antigua and Barbuda,2020,1669.34,53.85,-623.71,NA,NA,NA,NA,NA,NA,93772
ATG,Antigua and Barbuda,2021,45546.09,1270.85,-654.3,66.42,62.77,NA,NA,NA,NA,93772
ATG,Antigua and Barbuda,2022,98071.1,1572.41,NA,68.56,66.53,10.49,NA,NA,NA,93772
ATG,Antigua and Barbuda,2023,98071.1,1572.41,NA,NA,NA,NA,NA,NA,NA,93772
ATG,Antigua and Barbuda,2024,98071.1,1572.41,NA,NA,NA,NA,NA,NA,NA,93772
AUS,Australia,2020,1079.96,35.11,-130.95,NA,NA,NA,3.67,26.51,56.47168508287295,26177410
AUS,Australia,2021,13992.11,90.72,59.66,78.1,75.47,9.09,11.92,61.31,61.46345205479453,26177410
AUS,Australia,2022,408154.12,679.97,919.67,84.93,82.7,75.22,16.2,212.82,24.249397260273973,26177410
AUS,Australia,2023,447369.97,929.12,1386.02,NA,NA,75.6,4.62,140.01,NA,26177410
AUS,Australia,2024,452699,963.17,NA,NA,NA,NA,NA,NA,NA,26177410
AUT,Austria,2020,38030.25,777.63,805.03,NA,NA,NA,79.31,524.52,47.58527624309391,8939617
AUT,Austria,2021,138128.22,1829.85,1624.46,75.03,70.64,44.66,74.28,382.01,61.62435616438358,8939617
AUT,Austria,2022,626425.4,2379.68,2567.49,77.16,74.73,60.39,36.13,370.82,38.745479452054795,8939617
AUT,Austria,2023,670974.6,2485.91,3178.02,77.18,74.76,60.47,10.29,176.96,NA,8939617
AUT,Austria,2024,671004.9,2485.91,NA,NA,NA,NA,NA,NA,NA,8939617
AZE,Azerbaijan,2020,20568.98,234.67,1748.9,NA,NA,NA,NA,NA,66.20243093922653,10358078
AZE,Azerbaijan,2021,59650.38,804.64,3567.98,49.91,45.15,14.48,NA,NA,65.46446575342466,10358078
AZE,Azerbaijan,2022,80220.34,971.9,3777.48,51.88,46.94,32.46,NA,NA,49.016246575342464,10358078
AZE,Azerbaijan,2023,81032.45,1005.6,3878.84,NA,NA,NA,NA,NA,NA,10358078
AZE,Azerbaijan,2024,81178.45,1005.6,NA,NA,NA,NA,NA,NA,NA,10358078
BDI,Burundi,2020,60.73,0.15,NA,NA,NA,NA,NA,NA,11.974751381215475,12889583
BDI,Burundi,2021,2026.78,1.05,NA,0.03,0.03,NA,NA,NA,16.09010958904109,12889583
BDI,Burundi,2022,3907.41,1.13,NA,0.22,0.22,0,NA,NA,19.626821917808215,12889583
BDI,Burundi,2023,4088.33,1.13,NA,0.29,0.28,0,NA,NA,NA,12889583
BDI,Burundi,2024,4096.43,1.13,NA,NA,NA,NA,NA,NA,NA,12889583
BEL,Belgium,2020,54867.74,1664.17,1477.43,0.01,0,NA,126.46,640.1,52.10002762430939,11655923
BEL,Belgium,2021,175927.06,2421.62,1740.79,76.7,75.75,37.65,81.25,321.73,50.11490410958902,11655923
BEL,Belgium,2022,401953.88,2855.22,2334.51,79.44,78.61,99.54,44.61,371.4,15.462136986301354,11655923
BEL,Belgium,2023,416493.97,2949.63,2596.93,79.46,78.68,116.24,11.32,201.36,NA,11655923
BEL,Belgium,2024,418562.72,2949.63,NA,NA,78.68,116.31,NA,NA,NA,11655923
BEN,Benin,2020,232.93,3.2,NA,NA,NA,NA,NA,NA,38.25798342541436,13352864
BEN,Benin,2021,1812.2,11.7,NA,12.73,9.88,NA,NA,NA,40.467698630136994,13352864
BEN,Benin,2022,2033.87,11.85,NA,27.69,20.54,NA,NA,NA,18.200246575342454,13352864
BEN,Benin,2023,2037.57,11.85,NA,NA,NA,NA,NA,NA,NA,13352864
BEN,Benin,2024,2037.57,11.85,NA,NA,NA,NA,NA,NA,NA,13352864
BES,Bonaire Sint Eustatius and Saba,2020,6351.64,104.7,NA,NA,NA,NA,NA,NA,NA,27052
BES,Bonaire Sint Eustatius and Saba,2021,113038.32,767.78,NA,70.64,61.87,NA,NA,NA,NA,27052
BES,Bonaire Sint Eustatius and Saba,2022,408878.34,1361.07,NA,NA,NA,NA,NA,NA,NA,27052
BES,Bonaire Sint Eustatius and Saba,2023,416067.56,1430.86,NA,NA,NA,NA,NA,NA,NA,27052
BES,Bonaire Sint Eustatius and Saba,2024,416067.56,1430.86,NA,NA,NA,NA,NA,NA,NA,27052
BFA,Burkina Faso,2020,281.84,3.46,NA,NA,NA,NA,NA,NA,31.70392265193369,22673764
BFA,Burkina Faso,2021,757.03,14.08,NA,4.29,2.86,NA,NA,NA,19.649999999999988,22673764
BFA,Burkina Faso,2022,977.65,17.55,NA,19.26,14.71,NA,NA,NA,10.447534246575346,22673764
BFA,Burkina Faso,2023,982.23,17.77,NA,26.86,23.08,0.02,NA,NA,NA,22673764
BFA,Burkina Faso,2024,983.56,17.77,NA,NA,NA,NA,NA,NA,NA,22673764
BGD,Bangladesh,2020,3005.86,43.99,NA,NA,NA,NA,NA,NA,66.74113259668508,171186368
BGD,Bangladesh,2021,9347.07,165.66,NA,38.46,23.8,NA,NA,NA,64.03383561643837,171186368
BGD,Bangladesh,2022,12026.01,173.8,NA,87.12,73.41,35.41,NA,NA,19.830684931506827,171186368
BGD,Bangladesh,2023,12080.72,174.02,NA,88.5,83.06,40.05,NA,NA,NA,171186368
BGD,Bangladesh,2024,12110.57,174.15,NA,88.5,83.07,40.08,NA,NA,NA,171186368
BGR,Bulgaria,2020,28917.08,1043.53,2209.28,0.07,NA,NA,85.82,1031.71,41.542375690607734,6781955
BGR,Bulgaria,2021,107514.91,4472.4,8238.76,28.08,28.24,4.06,117.81,1526.85,48.395589041095896,6781955
BGR,Bulgaria,2022,187612.47,5572.34,10165.96,31.03,30.59,11.33,92.16,925.1,19.005287671232892,6781955
BGR,Bulgaria,2023,193906.34,5659.36,9407.14,31.79,30.64,NA,7.37,67.53,NA,6781955
BGR,Bulgaria,2024,194845.4,5669.61,NA,NA,30.64,NA,NA,NA,NA,6781955
BHR,Bahrain,2020,59680.76,228.89,NA,3.98,NA,NA,NA,NA,55.80160220994474,1472237
BHR,Bahrain,2021,182279.4,909.06,NA,81.72,80.01,57.4,NA,NA,44.102,1472237
BHR,Bahrain,2022,454276.25,1001.66,NA,84.31,83.33,68.51,NA,NA,14.037671232876702,1472237
BHR,Bahrain,2023,454276.25,1001.66,NA,NA,NA,NA,NA,NA,NA,1472237
BHR,Bahrain,2024,454276.25,1001.66,NA,NA,NA,NA,NA,NA,NA,1472237
BHS,Bahamas,2020,19590.28,425.11,668.18,NA,NA,NA,NA,NA,65.34055248618785,409989
BHS,Bahamas,2021,59439.96,1793.51,2630.42,38.3,35.94,1.7,NA,NA,62.12446575342466,409989
BHS,Bahamas,2022,94306.54,2095.37,NA,42.48,40.4,8.94,NA,NA,30.100301369863047,409989
BHS,Bahamas,2023,95956.67,2128.07,NA,42.64,40.73,9.02,NA,NA,NA,409989
BHS,Bahamas,2024,98421.81,2135.61,NA,NA,NA,NA,NA,NA,NA,409989
BIH,Bosnia and Herzegovina,2020,34114.4,1224.1,1987.64,NA,NA,NA,NA,NA,47.33925414364641,3233530
BIH,Bosnia and Herzegovina,2021,89776.44,4144.71,5846.38,27.3,22.29,0.7,NA,NA,38.78657534246576,3233530
BIH,Bosnia and Herzegovina,2022,125112.13,5061.77,7126.27,29.18,26.17,3.73,NA,NA,30.417369863013693,3233530
BIH,Bosnia and Herzegovina,2023,125907.2,5111.08,6839.98,NA,NA,NA,NA,NA,NA,3233530
BIH,Bosnia and Herzegovina,2024,125956.49,5114.82,NA,NA,NA,NA,NA,NA,NA,3233530
BLM,Saint Barthelemy,2020,17263.43,0,NA,NA,NA,NA,NA,NA,NA,10994
BLM,Saint Barthelemy,2021,157654.36,365.36,NA,NA,NA,NA,NA,NA,NA,10994
BLM,Saint Barthelemy,2022,493423.47,456.7,NA,NA,NA,NA,NA,NA,NA,10994
BLM,Saint Barthelemy,2023,503014.25,456.7,NA,NA,NA,NA,NA,NA,NA,10994
BLM,Saint Barthelemy,2024,503014.25,456.7,NA,NA,NA,NA,NA,NA,NA,10994
BLR,Belarus,2020,20158.85,150,2477.64,0,NA,NA,NA,NA,25.1937569060773,9534956
BLR,Belarus,2021,75502.32,597.83,3259.74,45.68,33.86,1.2,NA,NA,34.24901369863016,9534956
BLR,Belarus,2022,108362.68,775.95,NA,67.52,66.42,48.38,NA,NA,10.904575342465744,9534956
BLR,Belarus,2023,108362.68,775.95,NA,68.55,67.28,60,NA,NA,NA,9534956
BLR,Belarus,2024,108362.68,775.95,NA,NA,NA,NA,NA,NA,NA,9534956
BLZ,Belize,2020,26046.52,566.12,323.09,NA,NA,NA,NA,NA,58.655220994475144,405285
BLZ,Belize,2021,78221.48,1469.93,1351.38,56.78,49.13,NA,NA,NA,62.25578082191781,405285
BLZ,Belize,2022,173002,1708.29,1799.23,62.13,54.59,12.59,NA,NA,23.75156164383566,405285
BLZ,Belize,2023,177242.94,1708.29,NA,63.78,54.63,13.13,NA,NA,NA,405285
BLZ,Belize,2024,177319.92,1708.29,NA,NA,NA,NA,NA,NA,NA,405285
BMU,Bermuda,2020,8661.15,138.95,240.43,NA,NA,NA,NA,NA,46.0120994475138,64207
BMU,Bermuda,2021,93620.7,1636.51,2743.99,71.95,70.42,31.57,NA,NA,49.38994520547944,64207
BMU,Bermuda,2022,286497.25,2346.69,NA,75.62,74.22,55.81,NA,NA,23.291726027397257,64207
BMU,Bermuda,2023,291175.2,2547.4,NA,NA,NA,NA,NA,NA,NA,64207
BMU,Bermuda,2024,291175.2,2547.4,NA,NA,NA,NA,NA,NA,NA,64207
BOL,Bolivia,2020,12717.4,752.08,2184.32,NA,NA,NA,NA,NA,67.94240331491714,12224114
BOL,Bolivia,2021,47631,1617.1,4841.58,46.1,37.58,4.48,19.22,199.03,33.68230136986302,12224114
BOL,Bolivia,2022,94951.25,1844.8,5224.84,60.22,50.4,17.73,16.85,149.87,25.928356164383562,12224114
BOL,Bolivia,2023,100362.71,1853.5,NA,NA,NA,NA,NA,NA,NA,12224114
BOL,Bolivia,2024,100366.93,1853.66,NA,NA,NA,NA,NA,NA,NA,12224114
BRA,Brazil,2020,35417.66,905.76,904.04,NA,NA,NA,NA,NA,58.14104972375693,215313504
BRA,Brazil,2021,105706.41,2940.43,3109.54,77.19,66.62,12.34,NA,NA,59.724493150684914,215313504
BRA,Brazil,2022,171770.02,3293.97,3766.58,87.57,81.22,56.95,NA,NA,28.373068493150686,215313504
BRA,Brazil,2023,178367.94,3338.54,4061.99,88.08,81.82,58.7,NA,NA,NA,215313504
BRA,Brazil,2024,178367.94,3338.54,NA,NA,NA,NA,NA,NA,NA,215313504
BRB,Barbados,2020,1229.08,24.79,-390.45,NA,NA,NA,NA,NA,45.77792817679559,281646
BRB,Barbados,2021,97862.74,920.93,-345.66,55.37,51.01,NA,NA,NA,64.18619178082193,281646
BRB,Barbados,2022,373737.28,2011.87,1115.58,58.17,55.03,22.07,NA,NA,34.07293150684932,281646
BRB,Barbados,2023,381809.56,2100.42,2115.97,58.18,55.05,22.31,NA,NA,NA,281646
BRB,Barbados,2024,384600.7,2100.42,NA,NA,NA,NA,NA,NA,NA,281646
BRN,Brunei,2020,333.79,6.59,-38.03,NA,NA,NA,NA,NA,38.74292817679558,449002
BRN,Brunei,2021,33921.57,133.96,89.36,90.4,89.24,NA,NA,NA,52.79276712328768,449002
BRN,Brunei,2022,589877.75,325.01,1141.64,100.31,99.32,75.5,NA,NA,27.379013698630203,449002
BRN,Brunei,2023,726383.1,375.52,NA,100.48,99.49,75.83,NA,NA,NA,449002
BRN,Brunei,2024,763598.6,393.08,NA,NA,NA,NA,NA,NA,NA,449002
BTN,Bhutan,2020,764.48,0,-145.24,NA,NA,NA,NA,NA,64.63453038674027,782457
BTN,Bhutan,2021,3406.24,3.84,-184.95,75.37,72.22,NA,NA,NA,58.23676712328768,782457
BTN,Bhutan,2022,80073.51,26.89,302.13,89.35,86.61,81.11,NA,NA,29.849753424657525,782457
BTN,Bhutan,2023,80286.07,26.89,NA,NA,NA,NA,NA,NA,NA,782457
BTN,Bhutan,2024,80286.07,26.89,NA,NA,NA,NA,NA,NA,NA,782457
BWA,Botswana,2020,5692.87,15.98,NA,NA,NA,NA,NA,NA,51.40616022099448,2630300
BWA,Botswana,2021,87086.53,999.63,NA,44.45,39.31,NA,NA,NA,50.620164383561615,2630300
BWA,Botswana,2022,134444.72,1141.85,NA,64.14,54.22,18.99,NA,NA,7.908027397260287,2630300
BWA,Botswana,2023,135422.62,1147.59,NA,74.18,63.24,19.42,NA,NA,NA,2630300
BWA,Botswana,2024,135536.98,1148,NA,NA,NA,NA,NA,NA,NA,2630300
CAF,Central African Republic,2020,1140.44,12.36,NA,NA,NA,NA,NA,NA,40.001712707182335,5579148
CAF,Central African Republic,2021,2406.42,19.81,NA,6.72,6,NA,NA,NA,16.270712328767118,5579148
CAF,Central African Republic,2022,3012.92,22.16,NA,35.58,34.68,3.84,NA,NA,15.832273972602742,5579148
CAF,Central African Republic,2023,3028.62,22.16,NA,46.61,44.54,6.56,NA,NA,NA,5579148
CAF,Central African Republic,2024,3028.81,22.16,NA,NA,NA,NA,NA,NA,NA,5579148
CAN,Canada,2020,13890.35,379.53,330.12,0.25,0,NA,16.8,119.96,56.41143646408839,38454328
CAN,Canada,2021,50532.18,768.93,651.35,82.56,76.55,19.9,34.14,135.93,69.41293150684932,38454328
CAN,Canada,2022,115307.56,1247.28,1426.1,90.02,82.52,77.9,26,298.77,25.710794520547942,38454328
CAN,Canada,2023,122979.94,1402.35,1867.99,90.35,82.59,89.15,6.45,171.22,NA,38454328
CAN,Canada,2024,124134.43,1424.01,NA,NA,NA,90.73,4.37,139.2,NA,38454328
CHE,Switzerland,2020,49512.07,816.86,905.46,0.07,NA,NA,61.1,425.15,42.7524585635359,8740471
CHE,Switzerland,2021,142584.66,1345.29,1279.1,68.26,NA,25.2,50.68,308.56,51.87835616438355,8740471
CHE,Switzerland,2022,497610.94,1576.97,1963.8,69.74,NA,55.36,35.24,233.4,14.89435616438352,8740471
CHE,Switzerland,2023,505783.66,1611.66,2338.9,69.75,NA,55.9,4.46,113.61,NA,8740471
CHE,Switzerland,2024,507026.47,1611.66,NA,NA,NA,NA,NA,NA,NA,8740471
CHL,Chile,2020,30603.64,838.95,750.98,0.04,NA,NA,108.6,NA,65.88604972375687,19603736
CHL,Chile,2021,92012.59,1995.24,1999.89,88.29,84.41,56.28,173.74,NA,64.63060273972603,19603736
CHL,Chile,2022,256029.81,3222.62,3081.69,92.24,90.27,139.87,56.47,NA,24.32643835616438,19603736
CHL,Chile,2023,272744.25,3182.47,3362.24,92.27,90.29,140.15,6.63,NA,NA,19603736
CHL,Chile,2024,276229.6,3208.2,NA,NA,NA,NA,NA,NA,NA,19603736
CHN,China,2020,67.59,3.35,NA,NA,NA,NA,NA,NA,69.02779005524862,1425887360
CHN,China,2021,91.82,4,NA,88.36,84.68,8.46,NA,NA,74.11605479452054,1425887360
CHN,China,2022,43815.99,27.36,NA,91.68,89.35,57.21,NA,NA,77.564,1425887360
CHN,China,2023,69691.38,85.53,NA,91.89,89.54,57.99,NA,NA,NA,1425887360
CHN,China,2024,69726.8,85.82,NA,NA,NA,NA,NA,NA,NA,1425887360
CIV,Cote d'Ivoire,2020,726.47,4.41,NA,NA,NA,NA,NA,NA,39.29524861878452,28160548
CIV,Cote d'Ivoire,2021,2100.58,23.26,NA,17.58,7.68,NA,NA,NA,19.700410958904108,28160548
CIV,Cote d'Ivoire,2022,2893.01,27.31,NA,46.69,41.41,7.21,NA,NA,16.024657534246575,28160548
CIV,Cote d'Ivoire,2023,2907.85,27.47,NA,48.18,43.2,11.15,NA,NA,NA,28160548
CIV,Cote d'Ivoire,2024,2909.49,27.47,NA,NA,NA,NA,NA,NA,NA,28160548
CMR,Cameroon,2020,950.94,16.21,NA,NA,NA,NA,NA,NA,42.5304143646409,27914542
CMR,Cameroon,2021,3932.87,66.99,NA,2.99,2.36,NA,NA,NA,31.259095890410958,27914542
CMR,Cameroon,2022,4487.17,71.11,NA,11.58,9.78,1.63,NA,NA,21.271917808219186,27914542
CMR,Cameroon,2023,4528.57,71.44,NA,13.45,11.45,2.88,NA,NA,NA,27914542
CMR,Cameroon,2024,4532.52,71.44,NA,NA,NA,NA,NA,NA,NA,27914542
COD,Democratic Republic of Congo,2020,164.43,5.65,NA,NA,NA,NA,NA,NA,44.88334254143646,99010216
COD,Democratic Republic of Congo,2021,732.87,11.77,NA,0.26,0.12,NA,NA,NA,37.13482191780822,99010216
COD,Democratic Republic of Congo,2022,928.44,14.28,NA,9.24,6.92,NA,NA,NA,30.749205479452055,99010216
COD,Democratic Republic of Congo,2023,970.13,14.34,NA,17.22,14.54,NA,NA,NA,NA,99010216
COD,Democratic Republic of Congo,2024,986.44,14.4,NA,NA,NA,NA,NA,NA,NA,99010216
COG,Congo,2020,1058.64,16.57,NA,NA,NA,NA,NA,NA,52.588591160220986,5970430
COG,Congo,2021,3328.69,60.81,NA,10.43,2.28,NA,NA,NA,45.12271232876713,5970430
COG,Congo,2022,4152.87,63.96,NA,11.65,10.96,NA,NA,NA,33.43334246575342,5970430
COG,Congo,2023,4177.72,64.46,NA,NA,NA,NA,NA,NA,NA,5970430
COG,Congo,2024,4180.04,64.46,NA,NA,NA,NA,NA,NA,NA,5970430
COK,Cook Islands,2020,0,0,NA,NA,NA,NA,NA,NA,NA,17032
COK,Cook Islands,2021,0,0,NA,75.39,73.38,NA,NA,NA,NA,17032
COK,Cook Islands,2022,449243.9,67.81,NA,88.56,86.4,59.94,NA,NA,NA,17032
COK,Cook Islands,2023,488438.3,135.62,NA,88.73,86.47,60.12,NA,NA,NA,17032
COK,Cook Islands,2024,498067.4,135.62,NA,NA,NA,NA,NA,NA,NA,17032
COL,Colombia,2020,30436.21,805.79,1030.11,NA,NA,NA,NA,NA,63.89298342541435,51874028
COL,Colombia,2021,98926.51,2506.59,3181.78,73.94,54.6,6.41,NA,NA,61.00991780821915,51874028
COL,Colombia,2022,122508.52,2746.07,3685.92,82.72,71.09,27.99,NA,NA,27.75649315068494,51874028
COL,Colombia,2023,123043.04,2758.65,3681.48,82.92,71.72,28.81,NA,NA,NA,51874028
COL,Colombia,2024,123543.3,2758.65,NA,NA,NA,NA,NA,NA,NA,51874028
COM,Comoros,2020,792.38,8.39,NA,NA,NA,NA,NA,NA,NA,836783
COM,Comoros,2021,6716.68,183.41,NA,40.08,29.41,NA,NA,NA,NA,836783
COM,Comoros,2022,10767.31,191.8,NA,52.44,47.45,NA,NA,NA,NA,836783
COM,Comoros,2023,10919.55,191.8,NA,NA,NA,NA,NA,NA,NA,836783
COM,Comoros,2024,10919.55,191.8,NA,NA,NA,NA,NA,NA,NA,836783
CPV,Cape Verde,2020,22506.98,215.49,323.7,NA,NA,NA,NA,NA,58.9213535911602,593162
CPV,Cape Verde,2021,75061.09,677.25,969.15,51.05,43.15,NA,NA,NA,59.33367123287671,593162
CPV,Cape Verde,2022,121577.68,792.69,NA,60.14,52.05,0.13,NA,NA,26.83328767123283,593162
CPV,Cape Verde,2023,124048.1,802.31,NA,NA,NA,NA,NA,NA,NA,593162
CPV,Cape Verde,2024,124048.1,802.31,NA,NA,NA,NA,NA,NA,NA,593162
CRI,Costa Rica,2020,32284.45,413.83,185.2,0,NA,NA,NA,NA,54.99527624309392,5180836
CRI,Costa Rica,2021,112071.89,1446.15,1162.06,76.14,67.66,5.91,NA,NA,56.3272602739726,5180836
CRI,Costa Rica,2022,228599.12,1785.21,1579.47,88.54,82.82,53.55,NA,NA,19.1693698630137,5180836
CRI,Costa Rica,2023,242150.52,1843.06,1861.49,89.77,84.35,57.65,NA,NA,NA,5180836
CRI,Costa Rica,2024,242966.97,1844.24,NA,NA,NA,NA,NA,NA,NA,5180836
CUB,Cuba,2020,998.03,12.75,44.71,NA,NA,NA,NA,NA,61.27734806629833,11212198
CUB,Cuba,2021,87217.23,752.27,4765.8,93.19,86.27,19.39,NA,NA,68.03665753424659,11212198
CUB,Cuba,2022,100528.48,771.26,5055.16,95.6,89.22,77.37,NA,NA,15.358849315068502,11212198
CUB,Cuba,2023,100688.25,771.26,NA,96.05,89.47,78.24,NA,NA,NA,11212198
CUB,Cuba,2024,100694.4,771.26,NA,96.37,89.67,78.42,NA,NA,NA,11212198
CUW,Curacao,2020,21855.83,64.74,NA,NA,NA,NA,NA,NA,NA,191173
CUW,Curacao,2021,98726.2,1003.5,NA,54.6,50.54,8.42,NA,NA,NA,191173
CUW,Curacao,2022,246596.98,1613.16,NA,56.81,52.29,24.83,NA,NA,NA,191173
CUW,Curacao,2023,247546.55,1645.53,NA,NA,52.77,25.74,NA,NA,NA,191173
CUW,Curacao,2024,247546.55,1645.53,NA,NA,NA,NA,NA,NA,NA,191173
CYM,Cayman Islands,2020,4440.78,27.93,NA,0,NA,NA,NA,NA,NA,68722
CYM,Cayman Islands,2021,117108.19,153.61,NA,85.26,82.78,NA,NA,NA,NA,68722
CYM,Cayman Islands,2022,439497.84,516.7,NA,89.97,88.09,35.02,NA,NA,NA,68722
CYM,Cayman Islands,2023,439497.84,516.7,NA,90.38,88.32,35.02,NA,NA,NA,68722
CYM,Cayman Islands,2024,439497.84,516.7,NA,NA,NA,NA,NA,NA,NA,68722
CYP,Cyprus,2020,14565.38,85.63,238.86,NA,NA,NA,30.13,178.57,53.760801104972366,896007
CYP,Cyprus,2021,112551.23,478.45,973.48,71.53,67.84,29.94,63.62,335.94,59.17147945205479,896007
CYP,Cyprus,2022,472074.75,942.63,1633.89,74.88,72.1,53.63,46.88,301.34,22.921342465753415,896007
CYP,Cyprus,2023,507076.12,1047.04,1817.01,74.91,72.11,53.71,11.16,100.45,NA,896007
CYP,Cyprus,2024,523075.38,1089.85,NA,NA,NA,NA,NA,NA,NA,896007
CZE,Czechia,2020,63248.23,1065,1421.45,0.11,0,NA,115.5,783.69,45.27204419889503,10493990
CZE,Czechia,2021,232961.75,3371.8,3913.82,65.09,63.48,22.99,180.68,910.24,55.17043835616439,10493990
CZE,Czechia,2022,428879.72,3944.36,4400.77,66.49,65.69,49,56.89,412.14,18.49942465753428,10493990
CZE,Czechia,2023,444722.84,4061.94,4199.33,66.53,65.71,52.98,9.05,117.88,NA,10493990
CZE,Czechia,2024,446155.97,4076.47,NA,66.53,65.71,53.19,6.67,73.76,NA,10493990
DEU,Germany,2020,19743.76,559.06,294.02,0.25,NA,NA,67.76,NA,52.38530386740331,83369840
DEU,Germany,2021,83414.88,1399.66,1059.73,75.27,70.96,41.19,69.1,NA,61.24076712328772,83369840
DEU,Germany,2022,442901.72,1971.05,2179.87,77.8,76.23,77.23,45.88,NA,19.051506849315036,83369840
DEU,Germany,2023,457123.1,2080.95,2896.07,77.82,76.24,77.72,16.72,NA,NA,83369840
DEU,Germany,2024,457123.1,2080.95,NA,NA,NA,NA,NA,NA,NA,83369840
DJI,Djibouti,2020,5105.09,53.64,NA,NA,NA,NA,NA,NA,46.73668508287295,1120851
DJI,Djibouti,2021,11932.11,166.21,NA,3.45,2.33,NA,NA,NA,42.17846575342467,1120851
DJI,Djibouti,2022,13798.26,166.21,NA,28.32,26.5,NA,NA,NA,31.099890410958903,1120851
DJI,Djibouti,2023,13798.26,166.21,NA,37.61,35.79,NA,NA,NA,NA,1120851
DJI,Djibouti,2024,13798.26,166.21,NA,NA,NA,NA,NA,NA,NA,1120851
DMA,Dominica,2020,1436.05,0,NA,NA,NA,NA,NA,NA,37.455828729281755,72758
DMA,Dominica,2021,98115.18,673.15,NA,40.44,37.96,NA,NA,NA,44.170876712328784,72758
DMA,Dominica,2022,235751.69,1106.96,NA,45.35,42.14,5.49,NA,NA,38.31358904109592,72758
DMA,Dominica,2023,240044.88,1106.96,NA,NA,NA,NA,NA,NA,NA,72758
DMA,Dominica,2024,240044.88,1106.96,NA,NA,NA,NA,NA,NA,NA,72758
DNK,Denmark,2020,25608.95,196.34,-127.68,0,NA,NA,26.01,157.42,46.877348066298346,5882259
DNK,Denmark,2021,118172.97,541.6,136.87,79.79,76.63,46.34,23.97,163.88,46.205589041095905,5882259
DNK,Denmark,2022,572913.7,1306.48,674.96,80.68,80.09,61.44,13.94,299.54,13.334821917808215,5882259
DNK,Denmark,2023,581467.94,1608.19,969.06,80.69,80.11,61.49,3.74,109.99,NA,5882259
DNK,Denmark,2024,582032.56,1642.08,NA,NA,NA,NA,NA,NA,NA,5882259
DOM,Dominican Republic,2020,14775.52,214.06,221.97,NA,NA,NA,NA,NA,63.94121546961323,11228821
DOM,Dominican Republic,2021,36853.07,377.27,709.27,61.79,50.76,12.9,NA,NA,60.44868493150684,11228821
DOM,Dominican Republic,2022,58641.49,390.36,732.15,65.01,54.07,22.39,NA,NA,11.384027397260269,11228821
DOM,Dominican Republic,2023,58865.52,390.36,644.14,65.61,54.6,22.93,NA,NA,NA,11228821
DOM,Dominican Republic,2024,58865.52,390.36,NA,NA,NA,NA,NA,NA,NA,11228821
DZA,Algeria,2020,2151.77,59.85,1273.36,NA,NA,NA,1.49,NA,60.88975138121549,44903228
DZA,Algeria,2021,4757.88,136.97,2801.81,15.72,12.49,0.06,1.16,NA,59.29178082191782,44903228
DZA,Algeria,2022,5963.27,151.31,2952.57,17.46,14.43,1.28,1.09,NA,25.554630136986294,44903228
DZA,Algeria,2023,5981.21,151.31,2765.35,NA,NA,NA,NA,NA,NA,44903228
DZA,Algeria,2024,5984.05,151.31,NA,NA,NA,NA,NA,NA,NA,44903228
ECU,Ecuador,2020,11741.2,784.9,2285.2,NA,NA,NA,NA,NA,59.536519337016614,18001002
ECU,Ecuador,2021,30373.15,1887.75,3815.59,79.02,70.5,6.27,NA,NA,59.490136986301366,18001002
ECU,Ecuador,2022,58374.6,2016.06,4366.6,85.08,78.97,57.39,NA,NA,24.811260273972593,18001002
ECU,Ecuador,2023,59941.93,2021.11,4708.31,85.18,79.11,58.64,NA,NA,NA,18001002
ECU,Ecuador,2024,60449.45,2022.56,NA,NA,NA,NA,NA,NA,NA,18001002
EGY,Egypt,2020,1166.02,65.28,969.09,NA,NA,NA,NA,NA,60.46745856353593,110990096
EGY,Egypt,2021,3378.85,191.54,2615.23,29.82,18.58,NA,NA,NA,44.260438356164386,110990096
EGY,Egypt,2022,4577.54,220.23,2995.02,48.41,36.12,8.93,NA,NA,25.706767123287666,110990096
EGY,Egypt,2023,4582.05,220.48,3175.44,51.27,38.15,13.71,NA,NA,NA,110990096
EGY,Egypt,2024,4582.05,220.48,NA,NA,NA,NA,NA,NA,NA,110990096
ERI,Eritrea,2020,292.42,0.29,NA,NA,NA,NA,NA,NA,0,3684041
ERI,Eritrea,2021,2309.17,21.12,NA,NA,NA,NA,NA,NA,NA,3684041
ERI,Eritrea,2022,2988.46,30.21,NA,NA,NA,NA,NA,NA,NA,3684041
ERI,Eritrea,2023,2988.46,30.21,NA,NA,NA,NA,NA,NA,NA,3684041
ERI,Eritrea,2024,2988.46,30.21,NA,NA,NA,NA,NA,NA,NA,3684041
ESH,Western Sahara,2022,NA,NA,NA,NA,NA,NA,NA,NA,NA,576005
ESP,Spain,2020,40134.09,1128.28,1470.96,NA,NA,NA,66.55,379.01,56.89395027624307,47558632
ESP,Spain,2021,127542.21,1908.39,2034.08,83.4,79.63,28.9,102.9,568.33,55.437753424657544,47558632
ESP,Spain,2022,287589.94,2486.87,2906.97,86.91,85.62,55.49,47.35,361.93,23.13599999999997,47558632
ESP,Spain,2023,292302.16,2547.69,3152.11,86.95,85.66,55.85,4.9,75.38,NA,47558632
ESP,Spain,2024,292302.16,2547.69,NA,NA,NA,NA,NA,NA,NA,47558632
EST,Estonia,2020,22984.36,210.36,77.63,0.19,0.01,NA,52.79,337.09,36.78560773480664,1326064
EST,Estonia,2021,167995.22,1353.98,2224.87,63.5,62.42,24.98,52.03,552.76,38.12265753424657,1326064
EST,Estonia,2022,440130.75,2019.86,3296.9,65.5,64.93,44.52,17.34,528.63,21.536712328767095,1326064
EST,Estonia,2023,450770.03,2201.33,3479,65.61,65.05,49.44,9.05,192.3,NA,1326064
EST,Estonia,2024,452169.94,2220.59,NA,65.62,65.06,49.73,NA,NA,NA,1326064
ETH,Ethiopia,2020,976.3,15.16,NA,NA,NA,NA,NA,NA,57.10787292817677,123379928
ETH,Ethiopia,2021,3156.3,54.98,NA,7.57,NA,NA,NA,NA,43.71717808219178,123379928
ETH,Ethiopia,2022,3964.58,60.39,NA,34.94,29.75,1.96,NA,NA,34.879835616438356,123379928
ETH,Ethiopia,2023,3996.65,60.41,NA,42.54,35.38,4.85,NA,NA,NA,123379928
ETH,Ethiopia,2024,3997.26,60.41,NA,NA,NA,NA,NA,NA,NA,123379928
FIN,Finland,2020,6832.46,110.96,76.5,NA,NA,NA,14.98,51.26,39.15947513812154,5540745
FIN,Finland,2021,57966.9,329.66,513.89,77.16,73.73,20.44,11.55,67.86,42.453205479452066,5540745
FIN,Finland,2022,261460.02,1561.78,1876.03,81.65,78.44,77.2,11.73,196.54,16.356191780821902,5540745
FIN,Finland,2023,269281.97,2048.37,2894.68,81.65,78.46,80.39,NA,NA,NA,5540745
FIN,Finland,2024,269281.97,2058.79,NA,81.65,78.46,80.42,NA,NA,NA,5540745
FJI,Fiji,2020,50.03,2.17,500.85,NA,NA,NA,NA,NA,50.7245856353591,929769
FJI,Fiji,2021,57583.63,758.08,2112.34,71.14,65.13,NA,NA,NA,73.25720547945208,929769
FJI,Fiji,2022,74722.55,958.2,NA,76.53,68.89,18.31,NA,NA,38.65435616438355,929769
FJI,Fiji,2023,75097.78,962.56,NA,76.58,68.96,18.5,NA,NA,NA,929769
FJI,Fiji,2024,75097.78,962.56,NA,NA,NA,NA,NA,NA,NA,929769
FLK,Falkland Islands,2020,8250.36,0,NA,NA,NA,NA,NA,NA,NA,3801
FLK,Falkland Islands,2021,23044.1,0,NA,69.24,46.7,NA,NA,NA,NA,3801
FLK,Falkland Islands,2022,547083.94,0,NA,NA,NA,NA,NA,NA,NA,3801
FLK,Falkland Islands,2023,547083.94,0,NA,NA,NA,NA,NA,NA,NA,3801
FLK,Falkland Islands,2024,547083.94,0,NA,NA,NA,NA,NA,NA,NA,3801
FRA,France,2020,36377.6,988.43,712.01,0,0,NA,103.5,493.5,54.89303867403317,67813000
FRA,France,2021,135505.23,1931.7,1214.19,78.5,73.21,33.1,88.49,461,52.6783287671233,67813000
FRA,France,2022,591024.8,2515.14,1838.96,80.58,78.38,68.94,58.76,493.22,19.813260273972624,67813000
FRA,France,2023,606706,2614.4,1920.3,80.63,78.44,70.35,21.78,356.23,NA,67813000
FRA,France,2024,606706,2615.09,NA,NA,NA,NA,NA,NA,NA,67813000
FRO,Faroe Islands,2020,10621.96,0,-1147.98,NA,NA,NA,NA,NA,NA,53117
FRO,Faroe Islands,2021,95301.54,240.57,-1201.93,78.01,76.3,26.87,NA,NA,36.205756676557854,53117
FRO,Faroe Islands,2022,641351.6,518.14,-346.41,78.53,76.99,40.07,NA,NA,27.307543859649126,53117
FRO,Faroe Islands,2023,641351.6,518.14,-1058.26,NA,NA,NA,NA,NA,NA,53117
FRO,Faroe Islands,2024,641351.6,518.14,NA,NA,NA,NA,NA,NA,NA,53117
FSM,Micronesia (country),2020,0,0,NA,NA,NA,NA,NA,NA,NA,114178
FSM,Micronesia (country),2021,0,0,NA,NA,NA,NA,NA,NA,NA,114178
FSM,Micronesia (country),2022,196826.73,517.28,NA,NA,NA,NA,NA,NA,NA,114178
FSM,Micronesia (country),2023,236764.66,579.72,NA,NA,NA,NA,NA,NA,NA,114178
FSM,Micronesia (country),2024,283302.4,579.72,NA,NA,NA,NA,NA,NA,NA,114178
GAB,Gabon,2020,3907.02,26.33,NA,NA,NA,NA,NA,NA,62.6665745856354,2388997
GAB,Gabon,2021,15990.94,118.07,NA,9.2,7.25,NA,NA,NA,62.33534246575343,2388997
GAB,Gabon,2022,20149.73,125.89,NA,13.02,10.77,0.11,NA,NA,18.03123287671234,2388997
GAB,Gabon,2023,20179.35,126.3,NA,13.03,10.78,0.11,NA,NA,NA,2388997
GAB,Gabon,2024,20179.35,126.3,NA,NA,NA,NA,NA,NA,NA,2388997
GBR,United Kingdom,2020,34386.28,1327.02,1157.59,NA,NA,NA,48.9,386.48,57.53756906077343,67508936
GBR,United Kingdom,2021,184436.86,2583.76,2028.02,76.71,70.26,50.5,60.39,573.92,57.81564383561642,67508936
GBR,United Kingdom,2022,354345.56,3158.51,2703.83,79.71,75.19,59.81,13.33,298.15,14.444301369863012,67508936
GBR,United Kingdom,2023,364703.84,3404.43,3472.64,NA,NA,NA,NA,173.9,NA,67508936
GBR,United Kingdom,2024,366308,3404.43,NA,NA,NA,NA,NA,NA,NA,67508936
GEO,Georgia,2020,58397.28,626.39,1356.7,NA,NA,NA,NA,NA,60.42292817679557,3744385
GEO,Georgia,2021,243589.16,3560.68,5456.17,36.43,30.68,NA,NA,NA,55.50580821917811,3744385
GEO,Georgia,2022,476754.28,4452.96,6951.21,44.19,34.08,2.16,NA,NA,15.238191780821953,3744385
GEO,Georgia,2023,489351.3,4516.99,7002.32,NA,NA,NA,NA,NA,NA,3744385
GEO,Georgia,2024,491099.22,4519.36,NA,NA,NA,NA,NA,NA,NA,3744385
GGY,Guernsey,2020,4658.97,250.99,NA,NA,NA,NA,NA,NA,NA,63329
GGY,Guernsey,2021,104254.25,360.8,NA,52.06,21.5,NA,NA,NA,NA,63329
GGY,Guernsey,2022,530118.56,941.21,NA,85.62,83.23,109.49,NA,NA,NA,63329
GGY,Guernsey,2023,554150.6,1051.01,NA,NA,NA,NA,NA,NA,NA,63329
GGY,Guernsey,2024,554150.6,1051.01,NA,NA,NA,NA,NA,NA,NA,63329
GHA,Ghana,2020,1649.54,10.11,NA,NA,NA,NA,NA,NA,43.00207182320443,33475870
GHA,Ghana,2021,4262.4,38.83,NA,17.25,6.97,NA,NA,NA,42.84115068493151,33475870
GHA,Ghana,2022,5159.65,44.07,NA,36.33,27.43,8.2,NA,NA,42.371123287671246,33475870
GHA,Ghana,2023,5183.66,44.1,NA,41.42,32.2,14.36,NA,NA,NA,33475870
GHA,Ghana,2024,5190.54,44.1,NA,NA,NA,NA,NA,NA,NA,33475870
GIB,Gibraltar,2020,40551.67,159.44,-1062.95,NA,NA,NA,NA,NA,NA,32677
GIB,Gibraltar,2021,216364.17,2657.38,599.43,126,122.61,82.89,NA,NA,NA,32677
GIB,Gibraltar,2022,538784.5,2923.12,NA,129.07,126.89,150.47,NA,NA,NA,32677
GIB,Gibraltar,2023,546092.3,3002.84,NA,NA,NA,NA,NA,NA,NA,32677
GIB,Gibraltar,2024,546092.3,3002.84,NA,NA,NA,NA,NA,NA,NA,32677
GIN,Guinea,2020,972.88,5.69,NA,NA,NA,NA,NA,NA,53.82737569060775,13859349
GIN,Guinea,2021,2214.85,27.68,NA,14.62,6.68,NA,NA,NA,61.46356164383562,13859349
GIN,Guinea,2022,2718.65,33.16,NA,43.92,23.77,1.62,NA,NA,43.57789041095887,13859349
GIN,Guinea,2023,2744.34,33.3,NA,62.89,42.24,3.07,NA,NA,NA,13859349
GIN,Guinea,2024,2744.34,33.3,NA,NA,NA,NA,NA,NA,NA,13859349
GLP,Guadeloupe,2020,22406.9,402.91,506,NA,NA,NA,NA,NA,NA,395762
GLP,Guadeloupe,2021,145033.97,2160.11,2892.01,NA,NA,NA,NA,NA,NA,395762
GLP,Guadeloupe,2022,519850.38,2596.81,3655.23,NA,NA,NA,NA,NA,NA,395762
GLP,Guadeloupe,2023,528290.6,2654,3786.34,NA,NA,NA,NA,NA,NA,395762
GLP,Guadeloupe,2024,528290.6,2654,NA,NA,NA,NA,NA,NA,NA,395762
GMB,Gambia,2020,1438.28,46.65,NA,NA,NA,NA,NA,NA,53.39143646408842,2705995
GMB,Gambia,2021,3844.53,129.72,NA,9.72,9.22,NA,NA,NA,32.04315068493149,2705995
GMB,Gambia,2022,4773.8,141.1,NA,20.28,16.79,1.15,NA,NA,13.745287671232877,2705995
GMB,Gambia,2023,4788.97,141.1,NA,24.92,19.93,1.99,NA,NA,NA,2705995
GMB,Gambia,2024,4789.35,141.1,NA,NA,NA,NA,NA,NA,NA,2705995
GNB,Guinea-Bissau,2020,1162.17,21.37,NA,NA,NA,NA,NA,NA,NA,2105580
GNB,Guinea-Bissau,2021,3070.95,70.77,NA,18.56,1.1,NA,NA,NA,NA,2105580
GNB,Guinea-Bissau,2022,4249.27,83.59,NA,25.82,17.16,0.04,NA,NA,NA,2105580
GNB,Guinea-Bissau,2023,4566.06,84.06,NA,35.48,26.01,3.63,NA,NA,NA,2105580
GNB,Guinea-Bissau,2024,4566.06,84.06,NA,NA,NA,NA,NA,NA,NA,2105580
GNQ,Equatorial Guinea,2020,2903.16,47.68,NA,NA,NA,NA,NA,NA,NA,1674916
GNQ,Equatorial Guinea,2021,7557.32,97.03,NA,14.88,12.14,NA,NA,NA,NA,1674916
GNQ,Equatorial Guinea,2022,9475.2,101.47,NA,16.13,12.78,0.27,NA,NA,NA,1674916
GNQ,Equatorial Guinea,2023,9497.94,101.47,NA,NA,NA,NA,NA,NA,NA,1674916
GNQ,Equatorial Guinea,2024,9497.94,101.47,NA,NA,NA,NA,NA,NA,NA,1674916
GRC,Greece,2020,13415.82,449.65,568.73,0.02,NA,NA,NA,NA,55.11599447513813,10384972
GRC,Greece,2021,104210.23,1969.27,2278.05,71.92,67.8,33.99,NA,NA,72.27019178082192,10384972
GRC,Greece,2022,482417.5,3359.05,3676.79,76.38,73.6,67.6,NA,NA,30.84449315068499,10384972
GRC,Greece,2023,534969.6,3689.9,3771.55,76.43,73.63,70.24,NA,NA,NA,10384972
GRC,Greece,2024,544892.3,3770.28,NA,76.44,73.64,71.85,NA,NA,NA,10384972
GRD,Grenada,2020,992.06,0,NA,NA,NA,NA,NA,NA,NA,125459
GRD,Grenada,2021,50937.33,1710.45,NA,32.91,28.26,NA,NA,NA,NA,125459
GRD,Grenada,2022,168137.66,2035.44,NA,35.21,31.07,5.86,NA,NA,NA,125459
GRD,Grenada,2023,168419.88,2035.44,NA,35.26,31.11,5.91,NA,NA,NA,125459
GRD,Grenada,2024,168419.88,2035.44,NA,NA,NA,NA,NA,NA,NA,125459
GRL,Greenland,2020,464.17,0,-485.29,NA,NA,NA,NA,NA,34.98870165745857,56494
GRL,Greenland,2021,38222.59,17.85,-1030.82,71.6,67.36,NA,NA,NA,40.23791780821918,56494
GRL,Greenland,2022,213714.42,374.91,-1901.09,72.98,68.17,NA,NA,NA,17.36728767123289,56494
GRL,Greenland,2023,213714.42,374.91,-2936.45,NA,NA,NA,NA,NA,NA,56494
GRL,Greenland,2024,213714.42,374.91,NA,NA,NA,NA,NA,NA,NA,56494
GTM,Guatemala,2020,7573.51,266.87,620.81,NA,NA,NA,NA,NA,64.75279005524861,17843914
GTM,Guatemala,2021,35019.8,901.79,2470.82,36.62,26.27,0.5,NA,NA,53.60690410958904,17843914
GTM,Guatemala,2022,66990.83,1120.02,2937.7,49.63,39.38,22.82,NA,NA,42.69161643835617,17843914
GTM,Guatemala,2023,70053.54,1131.84,2893.98,50.07,39.94,24.11,NA,NA,NA,17843914
GTM,Guatemala,2024,70057.12,1131.96,NA,NA,NA,NA,NA,NA,NA,17843914
GUF,French Guiana,2020,42816.59,238,-250.88,NA,NA,NA,NA,NA,NA,304568
GUF,French Guiana,2021,158317.11,1129.66,723.45,NA,NA,NA,NA,NA,NA,304568
GUF,French Guiana,2022,327756.53,1384.42,820.18,NA,NA,NA,NA,NA,NA,304568
GUF,French Guiana,2023,328644.84,1384.42,1014.22,NA,NA,NA,NA,NA,NA,304568
GUF,French Guiana,2024,328644.84,1384.42,NA,NA,NA,NA,NA,NA,NA,304568
GUM,Guam,2020,42943.71,732.48,NA,NA,NA,NA,NA,NA,0,171783
GUM,Guam,2021,92376.8,1634.45,NA,NA,NA,NA,NA,NA,NA,171783
GUM,Guam,2022,302300.94,2488,NA,NA,NA,NA,NA,NA,NA,171783
GUM,Guam,2023,316520.7,2536.43,NA,NA,NA,NA,NA,NA,NA,171783
GUM,Guam,2024,316520.7,2536.43,NA,NA,NA,NA,NA,NA,NA,171783
GUY,Guyana,2020,7654.24,197.17,NA,NA,NA,NA,NA,NA,62.513618784530344,808727
GUY,Guyana,2021,47517.39,1268.2,NA,50.76,36.37,1.37,NA,NA,63.20079452054794,808727
GUY,Guyana,2022,87634.91,1565.17,NA,61.01,47,9.91,NA,NA,31.539835616438356,808727
GUY,Guyana,2023,89678.4,1580.99,NA,61.24,47.23,10.25,NA,NA,NA,808727
GUY,Guyana,2024,90603.38,1584.64,NA,NA,NA,NA,NA,NA,NA,808727
HKG,Hong Kong,2020,NA,NA,209.12,NA,NA,NA,NA,NA,58.538720238095244,7488863
HKG,Hong Kong,2021,NA,NA,427.78,65.11,62.25,5.17,NA,NA,65.32454794520547,7488863
HKG,Hong Kong,2022,NA,NA,2211.58,92.25,90.64,88.7,NA,NA,53.586931506849304,7488863
HKG,Hong Kong,2023,NA,NA,2878.98,92.38,90.83,96.19,NA,NA,NA,7488863
HKG,Hong Kong,2024,NA,NA,NA,92.41,90.85,97.36,NA,NA,NA,7488863
HND,Honduras,2020,11339.86,292.53,NA,NA,NA,NA,NA,NA,72.56232044198896,10432858
HND,Honduras,2021,36226.81,996.67,NA,47.11,41.18,3.62,NA,NA,84.02035616438356,10432858
HND,Honduras,2022,44312.91,1057.26,NA,61.76,55.19,43.05,NA,NA,32.72901369863015,10432858
HND,Honduras,2023,45178.93,1062.13,NA,63.23,56.11,46.7,NA,NA,NA,10432858
HND,Honduras,2024,45193.18,1062.13,NA,NA,NA,NA,NA,NA,NA,10432858
HRV,Croatia,2020,52293.41,924.74,1209.51,0.2,NA,NA,NA,738.4,43.851519337016576,4030361
HRV,Croatia,2021,177398.64,3142.8,4073.85,56.06,48.47,NA,NA,677.11,40.75468493150685,4030361
HRV,Croatia,2022,322947.53,4482.94,5691.97,57.58,55.84,14.76,NA,553.05,16.057753424657516,4030361
HRV,Croatia,2023,335223.3,4782.92,5993.57,57.64,55.87,NA,NA,NA,NA,4030361
HRV,Croatia,2024,337121.47,4799.55,NA,NA,NA,NA,NA,NA,NA,4030361
HTI,Haiti,2020,855.91,20.43,NA,NA,NA,NA,NA,NA,45.592486187845296,11585003
HTI,Haiti,2021,2257.9,66.59,NA,1.07,0.64,NA,NA,NA,49.04545205479452,11585003
HTI,Haiti,2022,2947.95,74.76,NA,3.44,2.05,NA,NA,NA,38.30750684931506,11585003
HTI,Haiti,2023,2975.42,74.76,NA,4.5,3.16,NA,NA,NA,NA,11585003
HTI,Haiti,2024,2995.24,74.76,NA,NA,NA,NA,NA,NA,NA,11585003
HUN,Hungary,2020,32636.31,934.19,1023.49,NA,NA,NA,NA,NA,47.69422651933703,9967304
HUN,Hungary,2021,127766.52,3955.58,3645.22,62.87,60.01,31.87,NA,NA,48.198438356164424,9967304
HUN,Hungary,2022,225252.98,5001.8,4209.28,64.42,62.28,43.31,NA,NA,14.228136986301363,9967304
HUN,Hungary,2023,229976.11,5058.8,3964.19,NA,NA,NA,NA,NA,NA,9967304
HUN,Hungary,2024,230352.08,5065.21,NA,NA,NA,NA,NA,NA,NA,9967304
IDN,Indonesia,2020,2558.42,76.17,NA,NA,NA,NA,NA,NA,55.64469613259669,275501344
IDN,Indonesia,2021,15284.41,516.64,NA,58.47,41.26,NA,NA,NA,68.63630136986302,275501344
IDN,Indonesia,2022,24086.76,575.75,NA,73.89,62.63,24.34,NA,NA,39.67134246575342,275501344
IDN,Indonesia,2023,24465.65,580.9,NA,74.2,63.51,25.17,NA,NA,NA,275501344
IDN,Indonesia,2024,24493.01,581.21,NA,NA,NA,NA,NA,NA,NA,275501344
IMN,Isle of Man,2020,4480.41,415.95,NA,NA,NA,NA,NA,NA,NA,84534
IMN,Isle of Man,2021,165347.5,796.25,NA,81.38,77.43,51.54,NA,NA,NA,84534
IMN,Isle of Man,2022,451701.84,1378.59,NA,82.29,79.38,63.08,NA,NA,NA,84534
IMN,Isle of Man,2023,451701.84,1378.59,NA,NA,NA,NA,NA,NA,NA,84534
IMN,Isle of Man,2024,451701.84,1378.59,NA,NA,NA,NA,NA,NA,NA,84534
IND,India,2020,7147.25,103.56,NA,NA,NA,NA,NA,NA,65.48220994475138,1417173120
IND,India,2021,24404.54,336.52,NA,59.67,42.57,NA,NA,NA,67.12400000000001,1417173120
IND,India,2022,31343.05,372.31,NA,72.48,67.12,15.71,NA,NA,41.68610958904111,1417173120
IND,India,2023,31578.81,374.18,NA,72.5,67.18,16.04,NA,NA,NA,1417173120
IND,India,2024,31598.86,374.36,NA,72.5,67.18,16.05,NA,NA,NA,1417173120
IRL,Ireland,2020,16668.45,436.4,263.44,NA,NA,NA,NA,175.39,57.16845303867403,5023108
IRL,Ireland,2021,136221.38,1184.73,887.37,78.37,77.33,45.39,NA,386.41,58.556520547945205,5023108
IRL,Ireland,2022,330677.03,1651.07,1475.12,81.78,80.88,63.31,18.32,320.52,12.490301369863005,5023108
IRL,Ireland,2023,338346.1,1849.7,2103.71,81.85,80.93,63.9,2.79,146.72,NA,5023108
IRL,Ireland,2024,341503.62,1906.84,NA,81.87,80.94,63.94,NA,NA,NA,5023108
IRN,Iran,2020,13347.93,609.6,1311.49,NA,NA,NA,NA,NA,48.711823204419915,88550568
IRN,Iran,2021,69064.02,1467.18,2862.21,67.19,57.81,4.26,NA,NA,73.56334246575342,88550568
IRN,Iran,2022,84454.56,1616.02,3064.13,73.53,66.08,31.88,NA,NA,56.297972602739726,88550568
IRN,Iran,2023,85177.62,1639.3,NA,73.63,66.16,35.41,NA,NA,NA,88550568
IRN,Iran,2024,85204.44,1640.19,NA,NA,NA,NA,NA,NA,NA,88550568
IRQ,Iraq,2020,13405.3,289.7,NA,NA,NA,NA,NA,NA,65.39522099447514,44496124
IRQ,Iraq,2021,47476.41,547.35,NA,19.06,12.67,NA,NA,NA,70.81345205479454,44496124
IRQ,Iraq,2022,55941.5,575.76,NA,25.47,17.85,0.62,NA,NA,39.63019178082193,44496124
IRQ,Iraq,2023,55945.4,575.78,NA,25.47,17.85,0.62,NA,NA,NA,44496124
IRQ,Iraq,2024,55945.4,575.78,NA,NA,NA,NA,NA,NA,NA,44496124
ISL,Iceland,2020,15098.54,73.61,40.91,1.31,NA,NA,NA,NA,39.83737569060772,372903
ISL,Iceland,2021,63638.37,97.27,131.77,77.3,76.14,53.88,NA,NA,38.05687671232877,372903
ISL,Iceland,2022,544769.8,489,1134.61,83.07,77.82,67.19,NA,NA,14.358794520547919,372903
ISL,Iceland,2023,551547.44,489,1814.98,NA,NA,NA,NA,NA,NA,372903
ISL,Iceland,2024,553080.2,489,NA,NA,NA,NA,NA,NA,NA,372903
ISR,Israel,2020,43842.55,356.14,302.94,10.5,0,NA,30.16,208.17,58.6888397790055,9449000
ISR,Israel,2021,149922.7,906.39,808.19,69.65,62.89,45.11,44.45,262.46,51.76079452054794,9449000
ISR,Israel,2022,522534.2,1321.08,1356.29,71.14,65.18,60.63,38.95,393.06,20.001534246575314,9449000
ISR,Israel,2023,531855.56,1395.89,1603.6,71.15,65.19,61.03,6.77,74.4,NA,9449000
ISR,Israel,2024,531855.56,1395.89,NA,NA,NA,NA,NA,NA,NA,9449000
ITA,Italy,2020,34203.5,1201.41,1674.2,0.07,NA,NA,68.9,652.25,65.35964088397789,59037472
ITA,Italy,2021,94305.86,2290.04,2820.81,82.13,75.73,33.38,63.4,560.32,64.68668493150685,59037472
ITA,Italy,2022,420343.5,3089.08,4042.48,86.27,81.2,79.67,29.08,368.04,27.486191780821933,59037472
ITA,Italy,2023,447199.25,3280.49,4421.99,86.28,81.21,80.91,5.42,142.44,NA,59037472
ITA,Italy,2024,449202.94,3309.46,NA,NA,NA,NA,4.27,114.5,NA,59037472
JAM,Jamaica,2020,4467.53,103.55,-231.1,NA,NA,NA,NA,NA,64.7306906077348,2827382
JAM,Jamaica,2021,32529.09,867.16,1801.89,25.2,20.05,0.17,NA,NA,73.64923287671233,2827382
JAM,Jamaica,2022,53815.73,1219.73,1740.76,29.83,26.3,1.61,NA,NA,24.239424657534304,2827382
JAM,Jamaica,2023,55173.54,1267.28,NA,30.41,26.88,1.63,NA,NA,NA,2827382
JAM,Jamaica,2024,55361.97,1271.86,NA,NA,NA,NA,NA,NA,NA,2827382
JEY,Jersey,2020,25537.96,396.16,NA,NA,NA,NA,NA,NA,NA,110796
JEY,Jersey,2021,168823.02,859.96,NA,73.53,69.49,46.46,NA,NA,NA,110796
JEY,Jersey,2022,631791.5,1410.72,NA,76.12,73.86,66.45,NA,NA,NA,110796
JEY,Jersey,2023,641502.3,1555.66,NA,76.14,73.9,66.48,NA,NA,NA,110796
JEY,Jersey,2024,641502.3,1555.66,NA,NA,NA,NA,NA,NA,NA,110796
JOR,Jordan,2020,25439.69,331.28,418.08,NA,NA,NA,NA,NA,58.9346961325967,11285875
JOR,Jordan,2021,93407.6,1105.52,1349.3,38.38,34.86,NA,NA,NA,50.423452054794524,11285875
JOR,Jordan,2022,155202.16,1254.59,1475.29,42.72,40.39,6.04,NA,NA,15.01994520547946,11285875
JOR,Jordan,2023,155202.16,1254.59,NA,NA,NA,NA,NA,NA,NA,11285875
JOR,Jordan,2024,155202.16,1254.59,NA,NA,NA,NA,NA,NA,NA,11285875
JPN,Japan,2020,1738.53,25.7,-223.59,NA,NA,NA,8.92,93.46,32.92762430939226,123951696
JPN,Japan,2021,13854.58,147.1,-105.51,81.66,80.44,0.84,24.48,196.2,48.84783561643836,123951696
JPN,Japan,2022,226135.61,446.51,859.76,84.35,83.22,133.48,17.26,331.32,39.68030136986301,123951696
JPN,Japan,2023,270433.8,597.56,1702.19,84.47,83.4,141.72,14.51,358.67,NA,123951696
JPN,Japan,2024,270433.8,597.56,NA,NA,NA,NA,2.4,176.2,NA,123951696
KAZ,Kazakhstan,2020,9840.07,133.22,1588.04,NA,NA,NA,NA,NA,64.75367403314912,19397998
KAZ,Kazakhstan,2021,53400.78,907.68,4203.19,46.33,43.9,NA,NA,NA,66.76742465753425,19397998
KAZ,Kazakhstan,2022,74482.15,951.2,4240.02,55.93,54.72,12.96,NA,NA,22.87539726027398,19397998
KAZ,Kazakhstan,2023,75030.41,951.95,4047.56,55.98,54.79,NA,NA,NA,NA,19397998
KAZ,Kazakhstan,2024,75088.55,951.95,NA,NA,NA,NA,NA,NA,NA,19397998
KEN,Kenya,2020,1766.61,30.51,NA,NA,NA,NA,NA,NA,58.67430939226518,54027484
KEN,Kenya,2021,5186.09,98.78,NA,10.98,7.69,0.01,NA,NA,56.089698630136986,54027484
KEN,Kenya,2022,6312.53,104.84,NA,26.31,20.05,3.25,NA,NA,40.50810958904109,54027484
KEN,Kenya,2023,6342.46,104.86,NA,26.83,20.53,3.7,NA,NA,NA,54027484
KEN,Kenya,2024,6342.68,104.86,NA,NA,NA,NA,NA,NA,NA,54027484
KGZ,Kyrgyzstan,2020,0,0,1164.57,NA,NA,NA,NA,NA,60.731270718232054,6630621
KGZ,Kyrgyzstan,2021,9904.12,123.64,2226.19,18.57,14.95,NA,NA,NA,48.945287671232876,6630621
KGZ,Kyrgyzstan,2022,12716.74,147.22,2132.56,24.69,20.53,NA,NA,NA,29.001260273972658,6630621
KGZ,Kyrgyzstan,2023,12786.9,147.22,2107.95,26.19,21.2,NA,NA,NA,NA,6630621
KGZ,Kyrgyzstan,2024,12788.34,147.22,NA,NA,NA,NA,NA,NA,NA,6630621
KHM,Cambodia,2020,21.16,0,NA,NA,NA,NA,NA,NA,44.66411602209947,16767851
KHM,Cambodia,2021,7002.15,174.87,NA,85.06,81.46,21.4,NA,NA,71.00484931506848,16767851
KHM,Cambodia,2022,8051.23,177.66,NA,90.9,87.11,62.17,NA,NA,20.186465753424667,16767851
KHM,Cambodia,2023,8081.4,177.66,NA,91.35,87.63,64.31,NA,NA,NA,16767851
KHM,Cambodia,2024,8099.13,177.66,NA,NA,NA,NA,NA,NA,NA,16767851
KIR,Kiribati,2020,0,0,NA,NA,NA,NA,NA,NA,19.562513812154705,131237
KIR,Kiribati,2021,0,0,NA,45.33,17.28,NA,NA,NA,27.136821917808216,131237
KIR,Kiribati,2022,26287.35,99.63,NA,73.29,56.3,17.84,NA,NA,29.111424657534283,131237
KIR,Kiribati,2023,38971.19,183.94,NA,76.88,62.08,28.66,NA,NA,NA,131237
KIR,Kiribati,2024,38971.19,183.94,NA,NA,NA,NA,NA,NA,NA,131237
KNA,Saint Kitts and Nevis,2020,641.97,0,213.99,NA,NA,NA,NA,NA,NA,47681
KNA,Saint Kitts and Nevis,2021,60687.77,599.17,2204.45,57.92,53.73,3.43,NA,NA,NA,47681
KNA,Saint Kitts and Nevis,2022,140420.7,984.36,3804.45,70.88,56.63,7.35,NA,NA,NA,47681
KNA,Saint Kitts and Nevis,2023,141383.66,984.36,NA,NA,NA,NA,NA,NA,NA,47681
KNA,Saint Kitts and Nevis,2024,141383.66,984.36,NA,NA,NA,NA,NA,NA,NA,47681
KOR,South Korea,2020,1097.96,15.6,5.18,NA,NA,NA,6.64,NA,49.975745856353605,51815808
KOR,South Korea,2021,11812.23,102.35,146.88,84.84,81.67,35.68,22.21,NA,51.27865753424656,51815808
KOR,South Korea,2022,553450.44,615.69,1248.72,86.4,85.6,79.76,25.38,440.21,21.521123287671227,51815808
KOR,South Korea,2023,667636.06,693.94,1650.12,86.43,85.64,NA,12.29,40.8,NA,51815808
KOR,South Korea,2024,667636.06,693.94,NA,NA,NA,NA,NA,NA,NA,51815808
KWT,Kuwait,2020,32563.14,202.42,736.35,NA,NA,NA,NA,NA,66.4075138121547,4268886
KWT,Kuwait,2021,90404.12,537.75,1548.05,78.11,75.35,8.92,NA,NA,65.07578082191779,4268886
KWT,Kuwait,2022,144441.88,559.97,1601.96,80.93,78.32,34.13,NA,NA,14.822493150684913,4268886
KWT,Kuwait,2023,145241.1,559.97,1457.41,80.99,78.39,34.14,NA,NA,NA,4268886
KWT,Kuwait,2024,145394.48,559.97,NA,NA,NA,NA,NA,NA,NA,4268886
LAO,Laos,2020,5.42,0,NA,NA,NA,NA,NA,NA,35.35618784530387,7529477
LAO,Laos,2021,14053.56,43,NA,49.73,41.16,NA,NA,NA,53.321178082191814,7529477
LAO,Laos,2022,28792.41,88.77,NA,78.21,69.36,NA,NA,NA,50.16328767123287,7529477
LAO,Laos,2023,28959.62,88.77,NA,NA,NA,NA,NA,NA,NA,7529477
LAO,Laos,2024,28980,88.77,NA,NA,NA,NA,NA,NA,NA,7529477
LBN,Lebanon,2020,29501.64,240.06,623.49,NA,NA,NA,NA,NA,61.336685082872954,5489744
LBN,Lebanon,2021,123815.78,1571.42,2354.64,41.04,33.36,5.38,NA,NA,64.71441095890415,5489744
LBN,Lebanon,2022,212747.38,1870.31,NA,49.92,43.98,12.03,NA,NA,30.18454794520543,5489744
LBN,Lebanon,2023,215842.16,1905.65,NA,NA,NA,NA,NA,NA,NA,5489744
LBN,Lebanon,2024,215842.16,1905.65,NA,NA,NA,NA,NA,NA,NA,5489744
LBR,Liberia,2020,338.9,16.56,NA,NA,NA,NA,NA,NA,54.006878453038674,5302690
LBR,Liberia,2021,1159.06,53.41,NA,14.8,14.24,NA,NA,NA,42.90098630136986,5302690
LBR,Liberia,2022,1498.15,54.72,NA,73.62,70.36,0.04,NA,NA,39.652246575342474,5302690
LBR,Liberia,2023,1475.82,54.72,NA,NA,NA,NA,NA,NA,NA,5302690
LBR,Liberia,2024,1475.82,54.72,NA,NA,NA,NA,NA,NA,NA,5302690
LBY,Libya,2020,13518.22,195.88,NA,NA,NA,NA,NA,NA,71.29640883977905,6812344
LBY,Libya,2021,53249.37,780.89,NA,27.22,12.12,NA,NA,NA,63.24679452054796,6812344
LBY,Libya,2022,70201.38,891.08,NA,33.89,18.05,2.61,NA,NA,36.52597260273972,6812344
LBY,Libya,2023,70221.87,891.08,NA,34,18.15,2.74,NA,NA,NA,6812344
LBY,Libya,2024,70221.87,891.08,NA,NA,NA,NA,NA,NA,NA,6812344
LCA,Saint Lucia,2020,1705.87,27.96,NA,NA,NA,NA,NA,NA,NA,179872
LCA,Saint Lucia,2021,74247.46,1649.94,NA,30.96,27.42,NA,NA,NA,NA,179872
LCA,Saint Lucia,2022,166381.42,2287.55,NA,33.43,30.56,4.37,NA,NA,NA,179872
LCA,Saint Lucia,2023,169077.27,2293.14,NA,NA,NA,NA,NA,NA,NA,179872
LCA,Saint Lucia,2024,169368.1,2293.14,NA,NA,NA,NA,NA,NA,NA,179872
LIE,Liechtenstein,2020,53081.15,991.46,1289.22,0,NA,NA,NA,533.6,43.90980662983425,39355
LIE,Liechtenstein,2021,154031.94,1754.12,1269.91,66.46,NA,30.93,NA,559.01,46.87646575342466,39355
LIE,Liechtenstein,2022,541005.7,2211.71,1392.45,68,NA,55.71,NA,279.51,15.942493150684959,39355
LIE,Liechtenstein,2023,548276.4,2237.14,777.5,68.02,NA,56.12,NA,127.05,NA,39355
LIE,Liechtenstein,2024,548810.25,2262.56,NA,NA,NA,NA,NA,NA,NA,39355
LKA,Sri Lanka,2020,1797.86,8.36,NA,NA,NA,NA,NA,NA,47.9996685082873,21832150
LKA,Sri Lanka,2021,25559.44,651.81,NA,73.25,63.41,18.35,NA,NA,72.74479452054794,21832150
LKA,Sri Lanka,2022,29422.03,736.37,NA,78.53,67.57,37.65,NA,NA,33.44041095890413,21832150
LKA,Sri Lanka,2023,29459.52,739.66,NA,NA,NA,NA,NA,NA,NA,21832150
LKA,Sri Lanka,2024,29463.5,740.4,NA,NA,NA,NA,NA,NA,NA,21832150
LSO,Lesotho,2020,1127.24,28,NA,NA,NA,NA,NA,NA,49.52729281767956,2305826
LSO,Lesotho,2021,12327.48,290.89,NA,33.92,31.55,NA,NA,NA,57.272273972602754,2305826
LSO,Lesotho,2022,15086.75,308.82,NA,43.29,40.16,5.98,NA,NA,25.414767123287657,2305826
LSO,Lesotho,2023,15807.62,310.13,NA,43.98,40.68,7.71,NA,NA,NA,2305826
LSO,Lesotho,2024,15807.62,310.13,NA,NA,NA,NA,NA,NA,NA,2305826
LTU,Lithuania,2020,47647.4,574.03,1931.16,0.35,NA,NA,45.82,912.71,47.56798342541436,2750058
LTU,Lithuania,2021,183180.8,2592.19,5940.03,69.74,66.62,23.71,58.54,934.89,46.80186301369862,2750058
LTU,Lithuania,2022,456605.47,3361.47,8358.04,71.14,68.36,34.3,39.64,631.62,14.178054794520541,2750058
LTU,Lithuania,2023,482523.12,3469.39,9580.7,71.2,68.4,34.49,3.64,48.36,NA,2750058
LTU,Lithuania,2024,486117.47,3482.52,NA,71.21,68.4,34.49,NA,NA,NA,2750058
LUX,Luxembourg,2020,58751.05,436.24,187.5,0.19,NA,NA,77.21,381.41,43.201353591160235,647601
LUX,Luxembourg,2021,146771.23,971.96,57.09,71.71,5.85,32.26,58.68,223.9,46.043342465753426,647601
LUX,Luxembourg,2022,558484.7,1461.77,-254.94,74.41,NA,70.4,33.97,135.89,24.25917808219174,647601
LUX,Luxembourg,2023,597011.25,1530.65,-732.16,74.42,71.45,70.9,9.26,49.41,NA,647601
LUX,Luxembourg,2024,602376.2,1530.65,NA,NA,NA,NA,NA,NA,NA,647601
LVA,Latvia,2020,19313.6,335.98,296.99,0.13,0,NA,NA,NA,41.09372928176798,1850654
LVA,Latvia,2021,144295.92,2559.73,3835.37,71.01,68.22,13.97,128.6,NA,49.57482191780821,1850654
LVA,Latvia,2022,515943.16,3727.16,5395.23,72.74,70.57,28.61,62.14,NA,16.232438356164337,1850654
LVA,Latvia,2023,519761.22,3968.51,5726.11,NA,NA,NA,4.86,NA,NA,1850654
LVA,Latvia,2024,519795.25,3973.83,NA,NA,NA,NA,NA,NA,NA,1850654
MAC,Macao,2021,NA,NA,-6.99,70.93,66.4,NA,NA,NA,27.908593272171263,695180
MAC,Macao,2022,NA,NA,955.44,97.31,91.87,67.64,NA,NA,43.13065753424657,695180
MAC,Macao,2023,NA,NA,1793.07,97.77,92.39,69.19,NA,NA,NA,695180
MAF,Saint Martin (French part),2020,34120.01,415.25,NA,NA,NA,NA,NA,NA,NA,31816
MAF,Saint Martin (French part),2021,142501.22,1349.57,NA,NA,NA,NA,NA,NA,NA,31816
MAF,Saint Martin (French part),2022,421482.47,1591.81,NA,NA,NA,NA,NA,NA,NA,31816
MAF,Saint Martin (French part),2023,426465.5,1591.81,NA,NA,NA,NA,NA,NA,NA,31816
MAF,Saint Martin (French part),2024,426465.5,1591.81,NA,NA,NA,NA,NA,NA,NA,31816
MAR,Morocco,2020,11534.23,192.99,NA,NA,NA,NA,NA,NA,61.830524861878416,37457976
MAR,Morocco,2021,25599,397.2,NA,65.75,61.39,NA,NA,NA,67.87468493150685,37457976
MAR,Morocco,2022,34055.07,436.5,NA,66.78,62.78,18.33,NA,NA,32.337150684931494,37457976
MAR,Morocco,2023,34243.26,436.66,NA,66.8,62.8,18.49,NA,NA,NA,37457976
MAR,Morocco,2024,34265.92,436.79,NA,NA,NA,NA,NA,NA,NA,37457976
MCO,Monaco,2020,16560.12,77.02,1044.85,NA,NA,NA,NA,NA,50.68378453038673,36491
MCO,Monaco,2021,118231.53,975.64,4385.37,79.13,70.34,29.04,NA,NA,38.832027397260276,36491
MCO,Monaco,2022,422064.75,1668.85,5897.34,NA,NA,NA,NA,NA,21.403616438356167,36491
MCO,Monaco,2023,441115.3,1720.2,NA,NA,NA,NA,NA,NA,NA,36491
MCO,Monaco,2024,441115.3,1720.2,NA,NA,NA,NA,NA,NA,NA,36491
MDA,Moldova,2020,46380.46,973.69,1666.73,NA,NA,NA,NA,NA,53.26563535911601,3272993
MDA,Moldova,2021,123141.65,3350.01,5128.84,30.24,30.01,NA,NA,NA,53.74821917808218,3272993
MDA,Moldova,2022,196086.36,3924.03,5554.3,33.74,32.81,11.89,NA,NA,17.0244383561644,3272993
MDA,Moldova,2023,207586.75,4004.62,NA,33.9,32.97,12.41,NA,NA,NA,3272993
MDA,Moldova,2024,209711.42,4027.98,NA,NA,NA,NA,NA,NA,NA,3272993
MDG,Madagascar,2020,581.98,8.57,NA,NA,NA,NA,NA,NA,48.48055248618786,29611718
MDG,Madagascar,2021,1651.89,33.74,NA,1.99,1.83,NA,NA,NA,47.570821917808225,29611718
MDG,Madagascar,2022,2225.4,46.52,NA,7.09,6.84,0.38,NA,NA,17.165589041095956,29611718
MDG,Madagascar,2023,2249.94,46.85,NA,9.15,8.88,0.57,NA,NA,NA,29611718
MDG,Madagascar,2024,2252.73,46.92,NA,NA,NA,NA,NA,NA,NA,29611718
MDV,Maldives,2020,26032.4,91.58,312.18,NA,NA,NA,NA,NA,NA,523798
MDV,Maldives,2021,180998.1,497.98,1109.17,75.75,70.15,4.95,NA,NA,NA,523798
MDV,Maldives,2022,354268.9,593.38,NA,76.2,73.52,31.92,NA,NA,NA,523798
MDV,Maldives,2023,356207.4,602.92,NA,76.23,73.53,31.94,NA,NA,NA,523798
MDV,Maldives,2024,356207.4,602.92,NA,NA,NA,NA,NA,NA,NA,523798
MEX,Mexico,2020,11300.67,1118.78,2442.17,0.02,NA,NA,NA,NA,57.39265027322401,127504120
MEX,Mexico,2021,31116.41,2357.89,5099.9,64.25,57.08,NA,NA,NA,49.12136986301368,127504120
MEX,Mexico,2022,56336.32,2576.11,5406.94,76.22,64.19,44.73,NA,NA,25.422876712328794,127504120
MEX,Mexico,2023,59157.39,2597.92,5050.47,NA,NA,NA,NA,NA,NA,127504120
MEX,Mexico,2024,59243.24,2601.22,NA,NA,NA,NA,NA,NA,NA,127504120
MHL,Marshall Islands,2020,99.77,0,NA,NA,NA,NA,NA,NA,NA,41593
MHL,Marshall Islands,2021,99.77,0,NA,NA,NA,NA,NA,NA,NA,41593
MHL,Marshall Islands,2022,387688.94,424,NA,NA,NA,NA,NA,NA,NA,41593
MHL,Marshall Islands,2023,402504.12,424,NA,NA,NA,NA,NA,NA,NA,41593
MHL,Marshall Islands,2024,406469.78,424,NA,NA,NA,NA,NA,NA,NA,41593
MKD,North Macedonia,2020,44448.65,1573.71,2683.75,NA,NA,NA,NA,NA,NA,2093606
MKD,North Macedonia,2021,121348.02,4538.55,6749.4,40.26,39.01,4.56,NA,NA,NA,2093606
MKD,North Macedonia,2022,187795.48,5366.7,7957.56,40.81,40.03,7.72,NA,NA,NA,2093606
MKD,North Macedonia,2023,190364.72,5415.07,8062.5,40.82,40.04,7.72,NA,NA,NA,2093606
MKD,North Macedonia,2024,190695.11,5422.13,NA,NA,NA,NA,NA,NA,NA,2093606
MLI,Mali,2020,284.93,10.84,NA,NA,NA,NA,NA,NA,39.389779005524865,22593598
MLI,Mali,2021,867.3,28.3,NA,3.88,1.74,NA,NA,NA,44.79865753424657,22593598
MLI,Mali,2022,1420.21,32.2,NA,14.62,11.83,NA,NA,NA,28.864931506849327,22593598
MLI,Mali,2023,1437.37,32.2,NA,19.27,16.08,NA,NA,NA,NA,22593598
MLI,Mali,2024,1437.46,32.2,NA,NA,NA,NA,NA,NA,NA,22593598
MLT,Malta,2020,23885.16,429.77,513.04,NA,NA,NA,48.75,NA,46.25803867403314,533293
MLT,Malta,2021,89807.91,933.37,981.68,83.37,81.73,NA,50.63,NA,51.804520547945195,533293
MLT,Malta,2022,220064.97,1578.96,1412.92,89.74,88.38,NA,7.5,NA,22.130027397260257,533293
MLT,Malta,2023,229124.14,1686.88,1316.45,89.81,88.42,92.2,9.38,NA,NA,533293
MLT,Malta,2024,232482.77,1745.57,NA,89.81,88.43,92.38,NA,NA,NA,533293
MMR,Myanmar,2020,2267.36,48.38,NA,NA,NA,NA,NA,NA,63.12770718232041,54179312
MMR,Myanmar,2021,9852.02,358.17,NA,34.75,24.05,NA,NA,NA,72.99065753424658,54179312
MMR,Myanmar,2022,11786.64,362.56,NA,64.19,50.84,4.11,NA,NA,55.77849315068492,54179312
MMR,Myanmar,2023,11932.41,362.63,NA,76.69,66.33,29.51,NA,NA,NA,54179312
MMR,Myanmar,2024,11959.14,362.63,NA,NA,NA,NA,NA,NA,NA,54179312
MNE,Montenegro,2020,57284.63,883.43,883.86,NA,NA,NA,NA,NA,NA,627082
MNE,Montenegro,2021,257073.12,3702.92,4750.93,45.27,43.51,12.4,NA,NA,NA,627082
MNE,Montenegro,2022,396929.97,4256.08,5335.19,46.69,45.43,16.19,NA,NA,NA,627082
MNE,Montenegro,2023,408818.03,4317.9,4555.73,NA,NA,NA,NA,NA,NA,627082
MNE,Montenegro,2024,408818.03,4317.9,NA,NA,NA,NA,NA,NA,NA,627082
MNG,Mongolia,2020,331.07,0.3,-455.99,NA,NA,NA,NA,NA,59.630248618784535,3398373
MNG,Mongolia,2021,204059.94,585.05,216.2,66.68,63.66,26.81,NA,NA,58.9547397260274,3398373
MNG,Mongolia,2022,297492.47,630.83,211.22,66.88,64.02,30.73,NA,NA,10.909013698630146,3398373
MNG,Mongolia,2023,298679.72,630.83,-4.93,NA,NA,NA,NA,NA,NA,3398373
MNG,Mongolia,2024,298725.5,630.83,NA,NA,NA,NA,NA,NA,NA,3398373
MNP,Northern Mariana Islands,2020,2646.36,43.38,NA,NA,NA,NA,NA,NA,NA,49574
MNP,Northern Mariana Islands,2021,62753.52,238.61,NA,NA,NA,NA,NA,NA,NA,49574
MNP,Northern Mariana Islands,2022,287108.75,889.35,NA,NA,NA,NA,NA,NA,NA,49574
MNP,Northern Mariana Islands,2023,311077.84,889.35,NA,NA,NA,NA,NA,NA,NA,49574
MNP,Northern Mariana Islands,2024,323463.7,889.35,NA,NA,NA,NA,NA,NA,NA,49574
MOZ,Mozambique,2020,556.16,4.87,NA,NA,NA,NA,NA,NA,52.384088397790016,32969520
MOZ,Mozambique,2021,5048.41,60.02,NA,26.19,18.46,NA,NA,NA,51.34980821917809,32969520
MOZ,Mozambique,2022,7072.77,68.29,NA,56.36,55.96,3.01,NA,NA,28.333095890410974,32969520
MOZ,Mozambique,2023,7157.32,68.9,NA,69.37,64.7,7.05,NA,NA,NA,32969520
MOZ,Mozambique,2024,7160.74,68.96,NA,NA,NA,NA,NA,NA,NA,32969520
MRT,Mauritania,2020,2772.15,69.12,NA,NA,NA,NA,NA,NA,39.250662983425435,4736146
MRT,Mauritania,2021,8296.95,176.8,NA,24.62,16.2,NA,NA,NA,37.499835616438354,4736146
MRT,Mauritania,2022,13009.15,204.49,NA,44.32,32.46,8.09,NA,NA,32.46643835616436,4736146
MRT,Mauritania,2023,13082.78,204.49,NA,44.42,32.53,8.11,NA,NA,NA,4736146
MRT,Mauritania,2024,13100.22,204.49,NA,NA,NA,NA,NA,NA,NA,4736146
MSR,Montserrat,2020,2904.38,223.41,NA,NA,NA,NA,NA,NA,NA,4413
MSR,Montserrat,2021,10053.62,223.41,NA,35.06,33.36,NA,NA,NA,NA,4413
MSR,Montserrat,2022,313449.5,1787.31,NA,47.68,44.23,12.76,NA,NA,NA,4413
MSR,Montserrat,2023,313449.5,1787.31,NA,NA,NA,NA,NA,NA,NA,4413
MSR,Montserrat,2024,313449.5,1787.31,NA,NA,NA,NA,NA,NA,NA,4413
MTQ,Martinique,2020,17375.33,120.18,18.9,NA,NA,NA,NA,NA,NA,367512
MTQ,Martinique,2021,136862.2,2217.7,2570.78,NA,NA,NA,NA,NA,NA,367512
MTQ,Martinique,2022,650687.75,3087.61,3709.81,NA,NA,NA,NA,NA,NA,367512
MTQ,Martinique,2023,659169.44,3159.15,3552.5,NA,NA,NA,NA,NA,NA,367512
MTQ,Martinique,2024,659169.44,3159.15,NA,NA,NA,NA,NA,NA,NA,367512
MUS,Mauritius,2020,412.97,7.84,-296.49,NA,NA,NA,NA,NA,30.151602209944752,1299478
MUS,Mauritius,2021,70596.03,597.12,845.01,72.11,70.02,NA,NA,NA,52.53958904109589,1299478
MUS,Mauritius,2022,228193.9,814.18,1459.97,86.48,83.74,49.2,NA,NA,20.569013698630105,1299478
MUS,Mauritius,2023,253672.42,830.63,NA,86.48,83.74,50.37,NA,NA,NA,1299478
MUS,Mauritius,2024,257157.16,840.82,NA,NA,NA,NA,NA,NA,NA,1299478
MWI,Malawi,2020,308.38,9.14,NA,NA,NA,NA,NA,NA,45.67986187845306,20405318
MWI,Malawi,2021,3436.38,113.18,NA,7.32,3.46,NA,NA,NA,41.52879452054794,20405318
MWI,Malawi,2022,4286.12,130.54,NA,22.48,15.16,2.5,NA,NA,30.219260273972587,20405318
MWI,Malawi,2023,4335.12,130.59,NA,26.63,21.01,6.04,NA,NA,NA,20405318
MWI,Malawi,2024,4335.12,130.59,NA,NA,NA,NA,NA,NA,NA,20405318
MYS,Malaysia,2020,2994.62,13,-409.75,NA,NA,NA,5.72,93.96,56.49024861878451,33938216
MYS,Malaysia,2021,79006.77,903.11,782.72,76.72,75.62,18.71,46.94,434.7,70.6207397260274,33938216
MYS,Malaysia,2022,144782.66,1061.66,1283.01,82.87,81.14,49.84,11.49,224.82,21.076904109589048,33938216
MYS,Malaysia,2023,150662.84,1074.87,1268.92,82.91,81.18,50.61,1.89,47.26,NA,33938216
MYS,Malaysia,2024,153028.81,1076.54,NA,82.91,81.18,50.64,1.68,25.16,NA,33938216
MYT,Mayotte,2020,18890.98,176.89,465.98,NA,NA,NA,NA,NA,NA,326113
MYT,Mayotte,2021,69733.17,606,1294.85,NA,NA,NA,NA,NA,NA,326113
MYT,Mayotte,2022,137477.97,612.56,1557.13,NA,NA,NA,NA,NA,NA,326113
MYT,Mayotte,2023,137667.97,612.56,1602.32,NA,NA,NA,NA,NA,NA,326113
MYT,Mayotte,2024,137667.97,612.56,NA,NA,NA,NA,NA,NA,NA,326113
NAM,Namibia,2020,7586.68,67.48,-568.32,NA,NA,NA,NA,NA,44.02220994475137,2567024
NAM,Namibia,2021,50558.4,1249.62,1225.86,13.5,11.05,NA,NA,NA,45.70536986301369,2567024
NAM,Namibia,2022,58926.49,1412.62,NA,23.48,20.49,3.98,NA,NA,16.682684931506852,2567024
NAM,Namibia,2023,59608.58,1419.89,NA,24.53,21.46,11.63,NA,NA,NA,2567024
NAM,Namibia,2024,59706.86,1421.62,NA,NA,NA,NA,NA,NA,NA,2567024
NCL,New Caledonia,2020,132.34,0,-360.32,NA,NA,NA,NA,NA,NA,289959
NCL,New Caledonia,2021,44289.89,975.16,713.67,62.94,59.74,NA,NA,NA,NA,289959
NCL,New Caledonia,2022,275699.94,1093.58,1385.71,66.1,63.5,32.49,NA,NA,NA,289959
NCL,New Caledonia,2023,278841.38,1093.58,1775.07,66.35,63.74,35.7,NA,NA,NA,289959
NCL,New Caledonia,2024,279186.16,1093.58,NA,NA,NA,NA,NA,NA,NA,289959
NER,Niger,2020,122.83,3.99,NA,NA,NA,NA,NA,NA,24.094392265193374,26207982
NER,Niger,2021,287.14,10.82,NA,1.94,1.77,NA,NA,NA,26.534438356164387,26207982
NER,Niger,2022,374.76,12.4,NA,23.17,20.25,NA,NA,NA,13.679479452054785,26207982
NER,Niger,2023,375.91,12.44,NA,23.84,20.92,NA,NA,NA,NA,26207982
NER,Niger,2024,376.03,12.44,NA,NA,NA,NA,NA,NA,NA,26207982
NGA,Nigeria,2020,374.53,5.59,NA,NA,NA,NA,NA,NA,55.71345303867402,218541216
NGA,Nigeria,2021,1057.64,13.51,NA,4.72,2.05,NA,NA,NA,46.091945205479455,218541216
NGA,Nigeria,2022,1193.88,14.14,NA,33.11,27.39,3.8,NA,NA,21.107808219178064,218541216
NGA,Nigeria,2023,1197.34,14.14,NA,42.93,37.2,7.7,NA,NA,NA,218541216
NGA,Nigeria,2024,1197.34,14.14,NA,NA,NA,NA,NA,NA,NA,218541216
NIC,Nicaragua,2020,711.67,24.37,1212.48,NA,NA,NA,NA,NA,12.603701657458556,6948395
NIC,Nicaragua,2021,2010.35,32.09,2620.14,70.22,41.82,NA,NA,NA,9.150684931506849,6948395
NIC,Nicaragua,2022,2282.84,36.4,2574,88.76,85.36,NA,NA,NA,12.38194520547945,6948395
NIC,Nicaragua,2023,2394.27,36.4,NA,92.17,88.17,41.63,NA,NA,NA,6948395
NIC,Nicaragua,2024,2404.67,36.4,NA,NA,NA,NA,NA,NA,NA,6948395
NIU,Niue,2020,0,0,NA,NA,NA,NA,NA,NA,NA,1952
NIU,Niue,2021,0,0,NA,61.58,58.91,NA,NA,NA,NA,1952
NIU,Niue,2022,181670.28,0,NA,83.81,83.71,62.7,NA,NA,NA,1952
NIU,Niue,2023,538503.25,0,NA,83.91,83.76,62.76,NA,NA,NA,1952
NIU,Niue,2024,582429.5,0,NA,NA,NA,NA,NA,NA,NA,1952
NLD,Netherlands,2020,43184.75,644.48,755.45,NA,NA,NA,NA,NA,50.683425414364656,17564020
NLD,Netherlands,2021,172331.84,1170.66,1624.49,70.68,65.97,26.29,43.78,109.2,57.80901369863012,17564020
NLD,Netherlands,2022,478433.03,1283.26,2329.86,71.61,66.98,53.48,22.55,82.84,20.73243835616442,17564020
NLD,Netherlands,2023,482061.34,1283.82,2956.03,71.64,67,53.61,3.02,49.76,NA,17564020
NLD,Netherlands,2024,482562.8,1283.82,NA,NA,NA,NA,3.13,38.26,NA,17564020
NOR,Norway,2020,8657.83,77.15,-29.59,0.04,NA,NA,NA,59.8,42.18707182320442,5434324
NOR,Norway,2021,68774.8,244.65,217.45,78.99,72.31,28.85,NA,70.48,50.34126027397257,5434324
NOR,Norway,2022,270217.97,869.56,1115.61,79.99,74.61,68.89,NA,117.4,14.806246575342454,5434324
NOR,Norway,2023,275607.03,1050.43,1717.06,NA,NA,NA,NA,NA,NA,5434324
NOR,Norway,2024,277204.28,1050.43,NA,NA,NA,NA,NA,NA,NA,5434324
NPL,Nepal,2020,8688.45,91.54,NA,NA,NA,NA,NA,NA,66.6517679558011,30547586
NPL,Nepal,2021,27839.78,389.86,NA,40.11,31.88,NA,NA,NA,51.94139726027396,30547586
NPL,Nepal,2022,33685.06,404.47,NA,90.24,78.75,28.4,NA,NA,35.65413698630137,30547586
NPL,Nepal,2023,33768.65,404.87,NA,91.28,80.11,33.63,NA,NA,NA,30547586
NPL,Nepal,2024,33768.65,404.87,NA,NA,NA,NA,NA,NA,NA,30547586
NRU,Nauru,2020,0,0,NA,NA,NA,NA,NA,NA,NA,12691
NRU,Nauru,2021,0,0,NA,59.98,57.13,NA,NA,NA,NA,12691
NRU,Nauru,2022,390914.47,84.6,NA,90.79,67.65,39.91,NA,NA,NA,12691
NRU,Nauru,2023,456221.97,84.6,NA,103.27,89.4,60.71,NA,NA,NA,12691
NRU,Nauru,2024,456221.97,84.6,NA,NA,NA,NA,NA,NA,NA,12691
NZL,New Zealand,2020,348.62,4.87,-435.44,NA,NA,NA,NA,NA,36.9253867403315,5185289
NZL,New Zealand,2021,2636.34,9.74,-534.67,76.59,74.37,6.9,NA,NA,44.59435616438359,5185289
NZL,New Zealand,2022,395184.44,445.85,-83.27,82.92,79.81,67.84,NA,NA,22.93632876712326,5185289
NZL,New Zealand,2023,475545.97,706,108.22,82.97,82.77,70.6,NA,NA,NA,5185289
NZL,New Zealand,2024,514260.6,834.81,NA,NA,NA,95.36,NA,NA,NA,5185289
OMN,Oman,2020,27121.32,315.21,292.42,0.14,NA,NA,NA,NA,64.16320441988952,4576300
OMN,Oman,2021,64491.2,947.1,990.43,68.22,63.42,0.71,NA,NA,56.82715068493152,4576300
OMN,Oman,2022,84416.24,978.39,958.59,71.67,66.62,17.04,NA,NA,18.527561643835632,4576300
OMN,Oman,2023,84446.06,978.39,776.94,NA,NA,NA,NA,NA,NA,4576300
OMN,Oman,2024,84446.06,978.39,NA,NA,NA,NA,NA,NA,NA,4576300
PAK,Pakistan,2020,1926.47,40.28,NA,NA,NA,NA,NA,NA,55.10848066298343,235824864
PAK,Pakistan,2021,5306.02,118.61,NA,41.12,29.93,NA,NA,NA,57.80989041095891,235824864
PAK,Pakistan,2022,6465.52,125.71,NA,65.59,55.71,20.75,NA,NA,44.44375342465754,235824864
PAK,Pakistan,2023,6485.95,125.79,NA,70.21,59.57,22.54,NA,NA,NA,235824864
PAK,Pakistan,2024,6485.95,125.79,NA,NA,NA,NA,NA,NA,NA,235824864
PAN,Panama,2020,51504.6,853.49,702.22,NA,NA,NA,NA,NA,64.42480662983422,4408582
PAN,Panama,2021,110520.83,1683.57,1724.42,70.79,63.61,6.1,NA,NA,66.15997260273971,4408582
PAN,Panama,2022,232636,1946.7,NA,79.81,71.75,45.53,NA,NA,20.005534246575337,4408582
PAN,Panama,2023,236964.56,1966.47,NA,80.15,72,46.13,NA,NA,NA,4408582
PAN,Panama,2024,237417.66,1987.83,NA,NA,NA,NA,NA,NA,NA,4408582
PCN,Pitcairn,2020,0,0,NA,NA,NA,NA,NA,NA,NA,47
PCN,Pitcairn,2021,0,0,NA,100,100,NA,NA,NA,NA,47
PCN,Pitcairn,2022,88888.89,0,NA,100,100,48.94,NA,NA,NA,47
PCN,Pitcairn,2023,88888.89,0,NA,NA,NA,NA,NA,NA,NA,47
PCN,Pitcairn,2024,88888.89,0,NA,NA,NA,NA,NA,NA,NA,47
PER,Peru,2020,30038.32,2763.91,2387.32,NA,NA,NA,NA,NA,68.11895027624308,34049588
PER,Peru,2021,67897.1,6047.84,5476.64,72.95,64.86,12.24,NA,NA,63.228739726027406,34049588
PER,Peru,2022,132598.06,6512.45,5901.34,88.81,83.54,82.49,NA,NA,30.204082191780817,34049588
PER,Peru,2023,134582.86,6587.4,NA,89.76,84.32,94.39,NA,NA,NA,34049588
PER,Peru,2024,135232.81,6601.11,NA,NA,NA,NA,NA,NA,NA,34049588
PHL,Philippines,2020,4115.35,79.56,-99.27,NA,NA,NA,NA,NA,66.5563812154696,115559008
PHL,Philippines,2021,24906.69,449.26,2023.22,48.56,42.94,1.55,NA,NA,72.81282191780822,115559008
PHL,Philippines,2022,35619.64,572.65,2245.34,67.81,63.97,18.45,NA,NA,36.783643835616445,115559008
PHL,Philippines,2023,36258.71,586.1,2326.85,71.55,67.88,20.61,NA,NA,NA,115559008
PHL,Philippines,2024,36330.51,586.71,NA,NA,NA,NA,NA,NA,NA,115559008
PLW,Palau,2020,0,0,NA,NA,NA,NA,NA,NA,NA,18084
PLW,Palau,2021,449.84,0,NA,NA,NA,NA,NA,NA,NA,18084
PLW,Palau,2022,335582.53,506.07,NA,NA,NA,NA,NA,NA,NA,18084
PLW,Palau,2023,352282.94,506.07,NA,NA,NA,NA,NA,NA,NA,18084
PLW,Palau,2024,358299.6,562.3,NA,NA,NA,NA,NA,NA,NA,18084
PNG,Papua New Guinea,2020,76.45,0.88,NA,NA,NA,NA,NA,NA,44.94720994475138,10142625
PNG,Papua New Guinea,2021,3541.05,57.82,NA,2.8,2.17,NA,NA,NA,57.256246575342466,10142625
PNG,Papua New Guinea,2022,4576.22,65.57,NA,3.6,3,0.3,NA,NA,33.88632876712328,10142625
PNG,Papua New Guinea,2023,4593.08,65.67,NA,3.77,3.17,0.34,NA,NA,NA,10142625
PNG,Papua New Guinea,2024,4593.08,65.67,NA,NA,NA,NA,NA,NA,NA,10142625
POL,Poland,2020,32822.69,708.78,1506.12,0.12,NA,NA,NA,577.89,48.80157458563536,39857144
POL,Poland,2021,105529.62,2457.42,4015.03,54.38,52.8,17.22,NA,874.72,53.05386301369864,39857144
POL,Poland,2022,165826.77,3086.43,4447.03,57.33,56.76,38.1,NA,492.66,18.031561643835648,39857144
POL,Poland,2023,172774.22,3132.36,3801.39,57.4,56.83,38.62,NA,NA,NA,39857144
POL,Poland,2024,173783.28,3145.08,NA,NA,NA,NA,NA,NA,NA,39857144
PRI,Puerto Rico,2020,25394.55,502.94,551.48,NA,NA,NA,NA,NA,0,3252412
PRI,Puerto Rico,2021,77857.53,1018.52,1430.05,NA,NA,NA,NA,NA,NA,3252412
PRI,Puerto Rico,2022,348981.53,1709.67,2873.31,NA,NA,NA,NA,NA,NA,3252412
PRI,Puerto Rico,2023,386523.97,1832.17,3752.09,NA,NA,NA,NA,NA,NA,3252412
PRI,Puerto Rico,2024,386523.97,1832.17,NA,NA,NA,NA,NA,NA,NA,3252412
PRK,North Korea,2020,0,0,NA,NA,NA,NA,NA,NA,NA,26069416
PRK,North Korea,2021,0,0,NA,NA,NA,NA,NA,NA,NA,26069416
PRK,North Korea,2022,0,0,NA,NA,NA,NA,NA,NA,NA,26069416
PRK,North Korea,2023,0,0,NA,NA,NA,NA,NA,NA,NA,26069416
PRK,North Korea,2024,0,0,NA,NA,NA,NA,NA,NA,NA,26069416
PRT,Portugal,2020,36236.09,642.7,927.21,NA,NA,NA,52.19,327.82,54.84776243093924,10270857
PRT,Portugal,2021,123129.38,1813.18,2022.14,91.5,83.15,30.58,88.02,668.78,60.15832876712327,10270857
PRT,Portugal,2022,532833.6,2474.11,2965.19,95.3,86.7,68.53,17.52,249.25,16.664191780821923,10270857
PRT,Portugal,2023,541370.7,2681.08,3247.26,95.62,86.75,68.99,NA,NA,NA,10270857
PRT,Portugal,2024,543733.1,2765.56,NA,NA,NA,NA,NA,NA,NA,10270857
PRY,Paraguay,2020,15367,318.62,401.5,NA,NA,NA,NA,NA,62.95690607734807,6780745
PRY,Paraguay,2021,68801.52,2455.16,3308.96,51.17,43.48,6.13,NA,NA,49.01498630136986,6780745
PRY,Paraguay,2022,106811.21,2908.97,4039.59,58.63,52.06,29.22,NA,NA,19.70498630136984,6780745
PRY,Paraguay,2023,108832.66,2940.63,3886.02,58.9,52.31,32.52,NA,NA,NA,6780745
PRY,Paraguay,2024,108832.66,2940.63,NA,NA,NA,NA,NA,NA,NA,6780745
PSE,Palestine,2020,27998.56,265.02,238.55,NA,NA,NA,NA,NA,67.00964088397791,5250076
PSE,Palestine,2021,88297.61,923.61,922.94,36.4,28.87,0.05,NA,NA,70.87958904109588,5250076
PSE,Palestine,2022,132552.62,1075.91,NA,38.34,33.85,6.42,NA,NA,17.807534246575326,5250076
PSE,Palestine,2023,132552.62,1075.91,NA,NA,NA,NA,NA,NA,NA,5250076
PSE,Palestine,2024,132552.62,1075.91,NA,NA,NA,NA,NA,NA,NA,5250076
PYF,French Polynesia,2020,59025.14,385.18,8.61,NA,NA,NA,NA,NA,NA,306292
PYF,French Polynesia,2021,165420.19,2268.28,1796.49,55.5,51.94,NA,NA,NA,NA,306292
PYF,French Polynesia,2022,277863.97,2314.64,NA,62.28,60.75,36.64,NA,NA,NA,306292
PYF,French Polynesia,2023,282561,2314.64,NA,62.33,60.99,36.64,NA,NA,NA,306292
PYF,French Polynesia,2024,283131.66,2318.21,NA,NA,NA,NA,NA,NA,NA,306292
QAT,Qatar,2020,49405.27,84.36,136.65,NA,NA,NA,NA,NA,61.659834254143654,2695131
QAT,Qatar,2021,85669.49,212.28,342.45,87.58,82.31,NA,NA,NA,63.333972602739735,2695131
QAT,Qatar,2022,168709.73,236.82,519.23,105.75,105.75,70.54,NA,NA,33.1278904109589,2695131
QAT,Qatar,2023,177884.27,238.55,684.51,105.83,105.83,70.68,NA,NA,NA,2695131
QAT,Qatar,2024,177884.27,238.55,NA,NA,NA,NA,NA,NA,NA,2695131
REU,Reunion,2020,10222.11,48.19,-110.46,NA,NA,NA,NA,NA,NA,974062
REU,Reunion,2021,82376.98,460.1,293.44,NA,NA,NA,NA,NA,NA,974062
REU,Reunion,2022,558388.44,1039.54,1164.3,NA,NA,NA,NA,NA,NA,974062
REU,Reunion,2023,567494.2,1056.75,1010.09,NA,NA,NA,NA,NA,NA,974062
REU,Reunion,2024,567494.2,1056.75,NA,NA,NA,NA,NA,NA,NA,974062
ROU,Romania,2020,32022.08,788.24,1686.03,0.05,NA,NA,NA,NA,52.38337016574585,19659270
ROU,Romania,2021,94037.52,3054.04,5501.8,27.85,39.76,NA,96.75,1065.71,62.24816438356165,19659270
ROU,Romania,2022,172436.3,3513.42,5864.24,NA,41.28,NA,58.29,663.76,18.890794520547953,19659270
ROU,Romania,2023,183264.67,3585.06,4645.96,41.65,NA,NA,8.19,88.66,NA,19659270
ROU,Romania,2024,184779.06,3590.85,NA,NA,NA,NA,NA,NA,NA,19659270
RUS,Russia,2020,20952.4,376.27,2560.02,0.04,NA,NA,NA,NA,48.199972375690614,144713312
RUS,Russia,2021,71383.62,2089.7,7421.18,51.01,46.14,5.1,NA,NA,46.464876712328774,144713312
RUS,Russia,2022,149500.67,2702.18,8749.64,60.58,54.54,13.49,NA,NA,29.494712328767132,144713312
RUS,Russia,2023,163116.98,2756.97,9344.61,61.56,55.08,14.39,NA,NA,NA,144713312
RUS,Russia,2024,166703.84,2769.53,NA,NA,NA,NA,NA,NA,NA,144713312
RWA,Rwanda,2020,572.63,5.35,NA,NA,NA,NA,NA,NA,61.69160220994479,13776702
RWA,Rwanda,2021,7655.98,98.6,NA,55.38,39.45,NA,NA,NA,60.95657534246574,13776702
RWA,Rwanda,2022,9737,107.46,NA,76.75,67.32,42.67,NA,NA,39.189424657534246,13776702
RWA,Rwanda,2023,9758.09,107.54,NA,79.01,75.49,42.67,NA,NA,NA,13776702
RWA,Rwanda,2024,9762.2,107.54,NA,NA,NA,NA,NA,NA,NA,13776702
SAU,Saudi Arabia,2020,11252.9,191.95,NA,NA,NA,NA,NA,NA,57.846436464088384,36408824
SAU,Saudi Arabia,2021,17168.61,275.68,NA,68.71,63.67,7.41,NA,NA,53.47643835616439,36408824
SAU,Saudi Arabia,2022,25695.63,295.51,NA,71.3,66.47,29.65,NA,NA,25.991397260274,36408824
SAU,Saudi Arabia,2023,26152.6,299.8,NA,74.27,69.86,NA,NA,NA,NA,36408824
SAU,Saudi Arabia,2024,26152.6,299.8,NA,NA,NA,NA,NA,NA,NA,36408824
SDN,Sudan,2020,500.05,30.78,NA,NA,NA,NA,NA,NA,50.66676795580112,46874200
SDN,Sudan,2021,937.26,66.78,NA,5.94,2.63,NA,NA,NA,30.530904109589056,46874200
SDN,Sudan,2022,1289.71,101.13,NA,22.41,17.71,1.97,NA,NA,7.638520547945198,46874200
SDN,Sudan,2023,1295.84,102.18,NA,32.44,28.62,8.3,NA,NA,NA,46874200
SDN,Sudan,2024,1295.84,102.18,NA,NA,NA,NA,NA,NA,NA,46874200
SEN,Senegal,2020,1049.4,21.92,NA,NA,NA,NA,NA,NA,41.53665745856352,17316452
SEN,Senegal,2021,4212.37,107.08,NA,7.6,5.3,NA,NA,NA,24.90279452054791,17316452
SEN,Senegal,2022,5036.51,111.49,NA,11.26,7.83,3.56,NA,NA,13.89,17316452
SEN,Senegal,2023,5045.01,111.66,NA,15.5,8.93,4.71,NA,NA,NA,17316452
SEN,Senegal,2024,5069.66,111.66,NA,NA,NA,NA,NA,NA,NA,17316452
SGP,Singapore,2020,10357.55,5.13,3.72,0.01,0,NA,NA,NA,51.94444751381216,5637022
SGP,Singapore,2021,49162.76,145.49,309.37,86.21,83.1,39.06,NA,NA,49.17161643835616,5637022
SGP,Singapore,2022,388306.94,302.84,972.31,91.49,90.74,78.77,NA,NA,30.07717808219176,5637022
SGP,Singapore,2023,517623.72,345.85,1552.29,91.55,90.85,NA,NA,NA,NA,5637022
SGP,Singapore,2024,532073.56,358.24,NA,NA,NA,NA,NA,NA,NA,5637022
SHN,Saint Helena,2020,0,0,NA,NA,NA,NA,NA,NA,NA,5401
SHN,Saint Helena,2021,0,0,NA,80.74,65.38,NA,NA,NA,NA,5401
SHN,Saint Helena,2022,403427.1,0,NA,NA,NA,NA,NA,NA,NA,5401
SHN,Saint Helena,2023,403427.1,0,NA,NA,NA,NA,NA,NA,NA,5401
SHN,Saint Helena,2024,403427.1,0,NA,NA,NA,NA,NA,NA,NA,5401
SLB,Solomon Islands,2020,21.76,0,NA,NA,NA,NA,NA,NA,31.474502762430916,724272
SLB,Solomon Islands,2021,28.17,0,NA,24.85,7.72,NA,NA,NA,29.710219178082195,724272
SLB,Solomon Islands,2022,27668.28,195.88,NA,47.47,35.12,3.84,NA,NA,48.84142465753425,724272
SLB,Solomon Islands,2023,33228.56,254.78,NA,NA,NA,NA,NA,NA,NA,724272
SLB,Solomon Islands,2024,33228.56,254.78,NA,NA,NA,NA,NA,NA,NA,724272
SLE,Sierra Leone,2020,307.97,9.18,NA,NA,NA,NA,NA,NA,36.244281767955805,8605723
SLE,Sierra Leone,2021,804.54,14.86,NA,8.17,4.2,NA,NA,NA,50.260657534246576,8605723
SLE,Sierra Leone,2022,937.56,15.1,NA,50.18,40.03,4.03,NA,NA,42.10942465753425,8605723
SLE,Sierra Leone,2023,939.86,15.1,NA,65.96,57.66,13.96,NA,NA,NA,8605723
SLE,Sierra Leone,2024,964.02,15.1,NA,NA,NA,NA,NA,NA,NA,8605723
SLV,El Salvador,2020,7104.58,206.52,753.09,NA,NA,NA,NA,NA,64.29723756906078,6336393
SLV,El Salvador,2021,19384.53,607.93,NA,70.76,65.6,15.47,NA,NA,33.87361643835617,6336393
SLV,El Salvador,2022,32129.75,673.53,NA,73.43,68.56,36.18,NA,NA,26.699561643835615,6336393
SLV,El Salvador,2023,32137.87,673.53,NA,NA,NA,NA,NA,NA,NA,6336393
SLV,El Salvador,2024,32151.25,673.53,NA,NA,NA,NA,NA,NA,NA,6336393
SMR,San Marino,2020,67217.77,1670.92,2456.08,NA,NA,NA,NA,NA,42.09618784530387,33690
SMR,San Marino,2021,223990.86,2872.8,3961.86,72.15,64.19,NA,NA,NA,52.43898630136988,33690
SMR,San Marino,2022,674434.94,3547.04,3935.89,78.23,70.15,57.43,NA,NA,15.242273972602735,33690
SMR,San Marino,2023,741418.25,3693.61,4342.66,NA,NA,NA,NA,NA,NA,33690
SMR,San Marino,2024,741418.25,3693.61,NA,NA,NA,NA,NA,NA,NA,33690
SOM,Somalia,2020,263.46,7.13,NA,NA,NA,NA,NA,NA,35.04207182320442,17597508
SOM,Somalia,2021,1321.88,74.88,NA,6.84,4.6,NA,NA,NA,35.5546301369863,17597508
SOM,Somalia,2022,1533.54,76.45,NA,42.76,35.94,NA,NA,NA,19.428109589041064,17597508
SOM,Somalia,2023,1535.46,76.45,NA,50.99,43.57,0.16,NA,NA,NA,17597508
SOM,Somalia,2024,1535.46,76.45,NA,NA,NA,NA,NA,NA,NA,17597508
SPM,Saint Pierre and Miquelon,2020,2777.78,0,NA,NA,NA,NA,NA,NA,NA,5885
SPM,Saint Pierre and Miquelon,2021,17013.89,0,NA,NA,NA,NA,NA,NA,NA,5885
SPM,Saint Pierre and Miquelon,2022,581250,347.22,NA,NA,NA,NA,NA,NA,NA,5885
SPM,Saint Pierre and Miquelon,2023,594791.7,347.22,NA,NA,NA,NA,NA,NA,NA,5885
SPM,Saint Pierre and Miquelon,2024,594791.7,347.22,NA,NA,NA,NA,NA,NA,NA,5885
SRB,Serbia,2020,47615.46,439.24,2129.19,NA,NA,NA,51.37,1416.13,49.94220994475138,6871547
SRB,Serbia,2021,189876.55,1850.62,6954.5,48.16,46.68,25.08,43.51,1241.93,44.48446575342466,6871547
SRB,Serbia,2022,359247.78,2576.12,8464.41,48.81,47.71,27.69,27.8,661.71,18.066219178082246,6871547
SRB,Serbia,2023,380413.34,2658.88,8130.29,NA,NA,NA,3.78,44.24,NA,6871547
SRB,Serbia,2024,380413.34,2658.88,NA,NA,NA,NA,NA,NA,NA,6871547
SSD,South Sudan,2020,318.02,5.72,NA,NA,NA,NA,NA,NA,53.718093922651924,10913172
SSD,South Sudan,2021,1343.78,12.25,NA,2.08,1.66,NA,NA,NA,45.30717808219179,10913172
SSD,South Sudan,2022,1666.61,12.52,NA,20.64,20.25,NA,NA,NA,22.535835616438355,10913172
SSD,South Sudan,2023,1707.53,13.34,NA,39.54,39.16,4.7,NA,NA,NA,10913172
SSD,South Sudan,2024,1707.89,13.34,NA,NA,NA,NA,NA,NA,NA,10913172
STP,Sao Tome and Principe,2020,4480.52,75.12,NA,NA,NA,NA,NA,NA,NA,227393
STP,Sao Tome and Principe,2021,16543.46,251.86,NA,37.99,22.52,NA,NA,NA,NA,227393
STP,Sao Tome and Principe,2022,27744.76,340.24,NA,56.1,45.72,14.59,NA,NA,NA,227393
STP,Sao Tome and Principe,2023,29764.09,353.49,NA,61.68,49.25,15.23,NA,NA,NA,227393
STP,Sao Tome and Principe,2024,29918.74,353.49,NA,NA,NA,NA,NA,NA,NA,227393
SUR,Suriname,2020,9435.58,190.96,79.4,NA,NA,NA,NA,NA,59.57751381215466,618046
SUR,Suriname,2021,82742.67,1903.16,2585.36,42.32,36.93,NA,NA,NA,72.94580821917808,618046
SUR,Suriname,2022,130912.28,2235.33,NA,43.33,38.49,7.91,NA,NA,30.857424657534256,618046
SUR,Suriname,2023,132378.97,2252.99,NA,NA,NA,NA,NA,NA,NA,618046
SUR,Suriname,2024,132388.6,2256.2,NA,NA,NA,NA,NA,NA,NA,618046
SVK,Slovakia,2020,30607.9,323.94,845.35,NA,NA,NA,42,403.48,46.008701657458566,5643455
SVK,Slovakia,2021,150849.58,2996.06,4486.16,44.75,43.44,2.15,112.16,701.34,52.952767123287664,5643455
SVK,Slovakia,2022,339598.22,3800.89,5343.66,46,45.68,12.12,75.49,518.3,18.463041095890446,5643455
SVK,Slovakia,2023,342675.4,3874.7,5263.4,NA,NA,NA,5.32,97.99,NA,5643455
SVK,Slovakia,2024,343127.25,3878.36,NA,NA,NA,NA,NA,NA,NA,5643455
SVN,Slovenia,2020,54561.91,1362.03,1359.24,0.54,NA,NA,98.12,624.58,50.57093922651933,2119843
SVN,Slovenia,2021,215977.45,2878.65,2374.34,58.99,56.09,22.05,136.33,597.21,54.59109589041094,2119843
SVN,Slovenia,2022,614970,4160.78,2868.04,59.71,57.66,31.04,81.14,383.05,17.10843835616437,2119843
SVN,Slovenia,2023,640315.7,4661.43,2871.38,NA,NA,NA,12.26,55.66,NA,2119843
SVN,Slovenia,2024,641340.2,4766.86,NA,NA,NA,NA,NA,NA,NA,2119843
SWE,Sweden,2020,39869.91,888.98,715.7,NA,NA,NA,53.08,259.16,49.54737569060767,10549349
SWE,Sweden,2021,122682.09,1459.09,935.46,71.98,68.78,NA,39.43,263.14,46.22523287671232,10549349
SWE,Sweden,2022,254772.2,2098.05,1389.84,73.68,71.95,91.41,11.56,208.45,14.803232876712327,10549349
SWE,Sweden,2023,261898.52,2544.59,1910.37,73.71,71.98,93.24,4.08,194.23,NA,10549349
SWE,Sweden,2024,262715.12,2612.58,NA,NA,NA,NA,NA,91.19,NA,10549349
SWZ,Eswatini,2020,6862.63,133.72,NA,NA,NA,NA,NA,NA,56.84511049723757,1201680
SWZ,Eswatini,2021,52818.02,1043.55,NA,27.8,25.07,NA,NA,NA,60.916356164383565,1201680
SWZ,Eswatini,2022,60726.66,1166.61,NA,42.24,28.47,12.28,NA,NA,28.58983561643839,1201680
SWZ,Eswatini,2023,61686.52,1170.71,NA,43.78,35.56,14.93,NA,NA,NA,1201680
SWZ,Eswatini,2024,61821.89,1170.71,NA,NA,NA,NA,NA,NA,NA,1201680
SXM,Sint Maarten (Dutch part),2020,32492.94,616.65,NA,NA,NA,NA,NA,NA,NA,44192
SXM,Sint Maarten (Dutch part),2021,112610.59,1778.81,NA,61.42,56.94,NA,NA,NA,NA,44192
SXM,Sint Maarten (Dutch part),2022,260607.64,2110.86,NA,67.41,60.32,20.52,NA,NA,NA,44192
SXM,Sint Maarten (Dutch part),2023,262101.84,2182.01,NA,67.41,60.58,20.7,NA,NA,NA,44192
SXM,Sint Maarten (Dutch part),2024,262101.84,2182.01,NA,NA,NA,NA,NA,NA,NA,44192
SYC,Seychelles,2020,1680.85,0,-1620.16,NA,NA,NA,NA,NA,32.22375690607734,107135
SYC,Seychelles,2021,194221.39,1003.73,-1034.88,76.86,73.05,NA,NA,NA,70.92282191780822,107135
SYC,Seychelles,2022,401132.78,1370.17,-546.97,80.09,76.22,41.73,NA,NA,35.38331506849314,107135
SYC,Seychelles,2023,408023.44,1370.17,-874.88,82.62,78,41.94,NA,NA,NA,107135
SYC,Seychelles,2024,413328.88,1370.17,NA,NA,NA,NA,NA,NA,NA,107135
SYR,Syria,2020,486.68,29.78,NA,NA,NA,NA,NA,NA,50.05378453038675,22125242
SYR,Syria,2021,2228.24,127.82,NA,5.4,3.53,NA,NA,NA,38.7774794520548,22125242
SYR,Syria,2022,2556.43,140.82,NA,14.37,10.06,0.34,NA,NA,24.220054794520586,22125242
SYR,Syria,2023,2556.43,140.82,NA,14.9,10.66,0.34,NA,NA,NA,22125242
SYR,Syria,2024,2556.43,140.82,NA,NA,NA,NA,NA,NA,NA,22125242
TCA,Turks and Caicos Islands,2020,18400.23,130.81,NA,NA,NA,NA,NA,NA,NA,45726
TCA,Turks and Caicos Islands,2021,70526.94,566.83,NA,63.88,59.34,NA,NA,NA,NA,45726
TCA,Turks and Caicos Islands,2022,141250.08,784.84,NA,70.72,66.24,15.9,NA,NA,NA,45726
TCA,Turks and Caicos Islands,2023,146286.16,872.05,NA,71.76,67.16,16.28,NA,NA,NA,45726
TCA,Turks and Caicos Islands,2024,148357.28,872.05,NA,NA,NA,NA,NA,NA,NA,45726
TCD,Chad,2020,107.61,5.64,NA,NA,NA,NA,NA,NA,55.19104972375691,17723312
TCD,Chad,2021,308.91,9.81,NA,1.16,0.46,NA,NA,NA,30.004575342465728,17723312
TCD,Chad,2022,414.46,10.51,NA,21.16,20.45,NA,NA,NA,24.298356164383573,17723312
TCD,Chad,2023,417.12,10.51,NA,29.04,28.33,22.81,NA,NA,NA,17723312
TCD,Chad,2024,417.33,10.51,NA,NA,NA,NA,NA,NA,NA,17723312
TGO,Togo,2020,391.1,7.48,NA,NA,NA,NA,NA,NA,47.34779005524865,8848700
TGO,Togo,2021,3079.52,27.06,NA,15.73,11.54,NA,NA,NA,47.96728767123286,8848700
TGO,Togo,2022,4328.07,31.9,NA,25.34,16.45,4.83,NA,NA,35.79227397260274,8848700
TGO,Togo,2023,4348.53,31.9,NA,25.49,17.56,4.83,NA,NA,NA,8848700
TGO,Togo,2024,4348.86,31.9,NA,NA,NA,NA,NA,NA,NA,8848700
THA,Thailand,2020,85.61,0.84,47.23,NA,NA,NA,NA,NA,46.50008264462808,71697024
THA,Thailand,2021,30807.28,300.83,881.55,71.71,64.6,10.36,NA,NA,55.72676712328767,71697024
THA,Thailand,2022,65822.64,468.3,2082.85,79.51,74.6,44.83,NA,NA,27.037095890410935,71697024
THA,Thailand,2023,66388.15,481.17,2781.71,NA,NA,NA,NA,NA,NA,71697024
THA,Thailand,2024,66901.21,483.93,NA,NA,NA,NA,NA,NA,NA,71697024
TJK,Tajikistan,2020,1331.24,8.84,1035.23,NA,NA,NA,NA,NA,37.769972375690585,9952789
TJK,Tajikistan,2021,1717.99,12.28,1681.38,37.27,29.09,NA,NA,NA,34.145041095890406,9952789
TJK,Tajikistan,2022,1746.77,12.28,1522.25,53.37,51.95,52.26,NA,NA,12.111150684931525,9952789
TJK,Tajikistan,2023,1746.77,12.28,NA,53.54,52.17,53.48,NA,NA,NA,9952789
TJK,Tajikistan,2024,1746.77,12.28,NA,NA,NA,NA,NA,NA,NA,9952789
TKL,Tokelau,2020,0,0,NA,NA,NA,NA,NA,NA,NA,1893
TKL,Tokelau,2021,0,0,NA,51.14,51.14,NA,NA,NA,NA,1893
TKL,Tokelau,2022,2162.63,0,NA,116.38,116.38,51.14,NA,NA,NA,1893
TKL,Tokelau,2023,34602.07,0,NA,NA,NA,NA,NA,NA,NA,1893
TKL,Tokelau,2024,34602.07,0,NA,NA,NA,NA,NA,NA,NA,1893
TKM,Turkmenistan,2020,0,0,NA,NA,NA,NA,NA,NA,41.25856353591162,6430777
TKM,Turkmenistan,2021,0,0,NA,0.5,0.3,NA,NA,NA,61.148931506849316,6430777
TKM,Turkmenistan,2022,0,0,NA,46.18,45.41,6.76,NA,NA,44.62293150684932,6430777
TKM,Turkmenistan,2023,0,0,NA,71.76,71.05,59.35,NA,NA,NA,6430777
TKM,Turkmenistan,2024,0,0,NA,NA,NA,NA,NA,NA,NA,6430777
TLS,East Timor,2020,29.94,0,NA,NA,NA,NA,NA,NA,NA,1341298
TLS,East Timor,2021,14484.05,89.1,NA,49.43,39.74,NA,NA,NA,59.41792569659442,1341298
TLS,East Timor,2022,17080.27,100.78,NA,65.52,58.93,23.5,NA,NA,18.37539726027399,1341298
TLS,East Timor,2023,17132.85,100.78,NA,66.12,59.77,25.36,NA,NA,NA,1341298
TLS,East Timor,2024,17132.85,100.78,NA,NA,NA,NA,NA,NA,NA,1341298
TON,Tonga,2020,0,0,NA,NA,NA,NA,NA,NA,40.65063535911603,106867
TON,Tonga,2021,9.52,0,NA,68.88,52.99,NA,NA,NA,46.01542465753425,106867
TON,Tonga,2022,156225.9,114.23,NA,81.66,72.06,35.87,NA,NA,50.60887671232877,106867
TON,Tonga,2023,161337.61,114.23,NA,81.73,72.39,36.03,NA,NA,NA,106867
TON,Tonga,2024,161594.62,114.23,NA,NA,NA,NA,NA,NA,NA,106867
TTO,Trinidad and Tobago,2020,4744.23,83.56,NA,NA,NA,NA,NA,NA,60.08803867403312,1531043
TTO,Trinidad and Tobago,2021,59457.64,1816.94,NA,46.52,43.68,4.98,NA,NA,72.47964383561644,1531043
TTO,Trinidad and Tobago,2022,124259.16,2859.11,NA,49.22,46.82,11.01,NA,NA,24.486876712328776,1531043
TTO,Trinidad and Tobago,2023,128012.02,2934.64,NA,NA,NA,NA,NA,NA,NA,1531043
TTO,Trinidad and Tobago,2024,128012.02,2934.64,NA,NA,NA,NA,NA,NA,NA,1531043
TUN,Tunisia,2020,10745.64,365.2,192.95,NA,NA,NA,NA,NA,45.01969613259667,12356116
TUN,Tunisia,2021,59639.82,2105.97,2436.46,55.76,47.93,6.93,NA,NA,61.213561643835625,12356116
TUN,Tunisia,2022,94681.51,2415.89,2502.81,58.41,51.74,10.15,NA,NA,42.37967123287671,12356116
TUN,Tunisia,2023,95167.02,2427.77,2267.98,58.42,51.81,10.19,NA,NA,NA,12356116
TUN,Tunisia,2024,95167.02,2427.77,NA,NA,NA,NA,NA,NA,NA,12356116
TUR,Turkey,2020,24505.06,225.41,779.6,NA,NA,NA,NA,NA,55.17447513812155,85341248
TUR,Turkey,2021,106675.27,933.89,2147.55,66.69,60.47,27.1,NA,NA,55.527232876712326,85341248
TUR,Turkey,2022,195324.78,1164.95,2701.75,67.89,62.31,48.54,NA,NA,16.243287671232892,85341248
TUR,Turkey,2023,195324.94,1164.95,3414.58,NA,NA,NA,NA,NA,NA,85341248
TUR,Turkey,2024,195325.25,1164.95,NA,NA,NA,NA,NA,NA,NA,85341248
TUV,Tuvalu,2020,0,0,NA,NA,NA,NA,NA,NA,NA,11335
TUV,Tuvalu,2021,0,0,NA,54.96,51.91,NA,NA,NA,NA,11335
TUV,Tuvalu,2022,277566.9,0,NA,84.72,82.24,48.77,NA,NA,NA,11335
TUV,Tuvalu,2023,293947.25,99.88,NA,86.13,83.86,50.68,NA,NA,NA,11335
TUV,Tuvalu,2024,293947.25,99.88,NA,NA,NA,NA,NA,NA,NA,11335
TWN,Taiwan,2020,NA,NA,-240.87,NA,NA,NA,NA,NA,24.718547008547002,23893396
TWN,Taiwan,2021,NA,NA,-143.52,78.32,67.63,0.66,NA,NA,40.87468493150687,23893396
TWN,Taiwan,2022,NA,NA,831.23,91.36,86.33,93.18,NA,NA,24.676575342465757,23893396
TWN,Taiwan,2023,NA,NA,1506.46,91.65,87.02,106.58,NA,NA,NA,23893396
TZA,Tanzania,2020,7.87,0.32,NA,NA,NA,NA,NA,NA,23.49085635359115,65497752
TZA,Tanzania,2021,452.87,11.39,NA,3.18,2.51,NA,NA,NA,12.244273972602738,65497752
TZA,Tanzania,2022,654.46,13.06,NA,47.62,44.69,10.95,NA,NA,9.36739726027396,65497752
TZA,Tanzania,2023,667.93,13.07,NA,52.57,49.11,NA,NA,NA,NA,65497752
TZA,Tanzania,2024,668.04,13.07,NA,NA,NA,NA,NA,NA,NA,65497752
UGA,Uganda,2020,714.71,6.3,NA,NA,NA,NA,NA,NA,63.26607734806629,47249588
UGA,Uganda,2021,2855.28,69.33,NA,17.68,2.98,NA,NA,NA,63.78145205479453,47249588
UGA,Uganda,2022,3590.79,76.72,NA,39.93,27.43,0.96,NA,NA,34.91298630136986,47249588
UGA,Uganda,2023,3633.02,76.77,NA,42.4,27.64,1.62,NA,NA,NA,47249588
UGA,Uganda,2024,3638.64,76.77,NA,NA,NA,NA,NA,NA,NA,47249588
UKR,Ukraine,2020,24071.56,372.19,901.12,NA,NA,NA,NA,NA,53.72842541436463,39701744
UKR,Ukraine,2021,87848.78,2254.22,4109.59,37.06,34.65,0.02,NA,NA,55.13791780821918,39701744
UKR,Ukraine,2022,129496.61,2637.08,4533.11,39.73,38.17,1.87,NA,NA,16.17509589041098,39701744
UKR,Ukraine,2023,134644.78,2677.74,NA,40.97,39.65,8.3,NA,NA,NA,39701744
UKR,Ukraine,2024,134785.47,2677.79,NA,NA,NA,NA,NA,NA,NA,39701744
URY,Uruguay,2020,4673.67,42.17,-668.52,NA,NA,NA,NA,NA,40.64096685082871,3422796
URY,Uruguay,2021,119949.7,1817.21,1048.49,80.77,78.43,44.96,NA,NA,56.92843835616438,3422796
URY,Uruguay,2022,298441.16,2230.08,2126.1,87.94,84.79,83.93,NA,NA,15.255945205479456,3422796
URY,Uruguay,2023,306080.7,2248.66,2139.84,87.95,84.82,91.23,NA,NA,NA,3422796
URY,Uruguay,2024,307099,2265.47,NA,NA,NA,NA,NA,NA,NA,3422796
USA,United States,2020,55310.59,1004.06,1332.86,1.68,0.01,NA,82.12,366.32,57.744999999999955,338289856
USA,United States,2021,151899.53,2379.23,2888.02,73.52,63.36,23.44,85.4,393.93,56.41545205479452,338289856
USA,United States,2022,289925.7,3162.13,3758.82,80.88,69.15,40.08,78.21,456.7,31.656520547945203,338289856
USA,United States,2023,302859.5,3409.55,3967.69,81.39,69.47,NA,15.48,129.11,NA,338289856
USA,United States,2024,302859.5,3493.55,NA,NA,NA,NA,11.05,93.19,NA,338289856
UZB,Uzbekistan,2020,0.26,0,556.96,NA,NA,NA,NA,NA,51.37765193370165,34627648
UZB,Uzbekistan,2021,3342.54,24.61,1048.35,52.15,32.06,NA,NA,NA,44.61241095890411,34627648
UZB,Uzbekistan,2022,4788.12,29.08,1438.23,61.46,51.14,42.51,NA,NA,20.527315068493124,34627648
UZB,Uzbekistan,2023,5011.05,29.08,1854.41,63.81,53.29,47.4,NA,NA,NA,34627648
UZB,Uzbekistan,2024,5011.05,29.08,NA,NA,NA,NA,NA,NA,NA,34627648
VAT,Vatican,2020,50682.26,0,NA,NA,NA,NA,NA,NA,NA,808
VAT,Vatican,2021,50682.26,0,NA,NA,NA,NA,NA,NA,NA,808
VAT,Vatican,2022,50682.26,0,NA,NA,NA,NA,NA,NA,NA,808
VAT,Vatican,2023,50682.26,0,NA,NA,NA,NA,NA,NA,NA,808
VAT,Vatican,2024,50682.26,0,NA,NA,NA,NA,NA,NA,NA,808
VCT,Saint Vincent and the Grenadines,2020,1058.18,0,112.76,NA,NA,NA,NA,NA,NA,103959
VCT,Saint Vincent and the Grenadines,2021,57249.52,793.64,1232.51,32.22,25.24,NA,NA,NA,NA,103959
VCT,Saint Vincent and the Grenadines,2022,93286.44,1156.16,NA,35.91,30.25,4.04,NA,NA,NA,103959
VCT,Saint Vincent and the Grenadines,2023,94785.52,1214.95,NA,36.1,30.43,4.12,NA,NA,NA,103959
VCT,Saint Vincent and the Grenadines,2024,94785.52,1214.95,NA,NA,NA,NA,NA,NA,NA,103959
VEN,Venezuela,2020,3955.73,35.8,NA,NA,NA,NA,NA,NA,68.76209944751376,28301700
VEN,Venezuela,2021,15701.94,188.28,NA,64.99,41.02,NA,NA,NA,77.72904109589042,28301700
VEN,Venezuela,2022,19489.02,206.64,NA,78.29,52.88,2.3,NA,NA,19.829589041095886,28301700
VEN,Venezuela,2023,19590.07,207.56,NA,NA,NA,NA,NA,NA,NA,28301700
VEN,Venezuela,2024,19590.07,207.56,NA,NA,NA,NA,NA,NA,NA,28301700
VGB,British Virgin Islands,2020,2425.41,26.08,NA,NA,NA,NA,NA,NA,NA,31332
VGB,British Virgin Islands,2021,80090.76,1017.11,NA,58.83,54.27,NA,NA,NA,NA,31332
VGB,British Virgin Islands,2022,190512.2,1669.1,NA,62.13,58.28,11.89,NA,NA,NA,31332
VGB,British Virgin Islands,2023,193511.38,1669.1,NA,NA,NA,NA,NA,NA,NA,31332
VGB,British Virgin Islands,2024,197084.3,1669.1,NA,NA,NA,NA,NA,NA,NA,31332
VIR,United States Virgin Islands,2020,22873.06,265.83,NA,NA,NA,NA,NA,NA,0,99479
VIR,United States Virgin Islands,2021,92544.01,1017.09,NA,NA,NA,NA,NA,NA,NA,99479
VIR,United States Virgin Islands,2022,274314.9,1467.85,NA,NA,NA,NA,NA,NA,NA,99479
VIR,United States Virgin Islands,2023,293443.22,1525.64,NA,NA,NA,NA,NA,NA,NA,99479
VIR,United States Virgin Islands,2024,293443.22,1525.64,NA,NA,NA,NA,NA,NA,NA,99479
VNM,Vietnam,2020,14.45,0.35,NA,NA,NA,NA,NA,NA,58.30436464088397,98186856
VNM,Vietnam,2021,16569.64,313.14,NA,78.99,69.7,NA,NA,NA,69.14849315068493,98186856
VNM,Vietnam,2022,115611.22,433.22,NA,91.82,87.29,58.5,NA,NA,37.22457534246571,98186856
VNM,Vietnam,2023,116612.4,433.44,NA,92.17,87.55,59.05,NA,NA,NA,98186856
VNM,Vietnam,2024,116612.4,433.44,NA,NA,NA,NA,NA,NA,NA,98186856
VUT,Vanuatu,2020,3.19,0,NA,NA,NA,NA,NA,NA,34.93008287292819,326744
VUT,Vanuatu,2021,22.36,0,NA,31.31,15.43,NA,NA,NA,21.28394520547945,326744
VUT,Vanuatu,2022,38372.59,44.72,NA,44.32,40.31,5.2,NA,NA,31.889643835616432,326744
VUT,Vanuatu,2023,38391.76,44.72,NA,54.06,49.66,8.48,NA,NA,NA,326744
VUT,Vanuatu,2024,38391.76,44.72,NA,NA,NA,NA,NA,NA,NA,326744
WLF,Wallis and Futuna,2020,347.8,0,NA,NA,NA,NA,NA,NA,NA,11596
WLF,Wallis and Futuna,2021,39387.88,608.64,NA,51.88,51.08,NA,NA,NA,NA,11596
WLF,Wallis and Futuna,2022,296930.7,608.64,NA,61.54,58.59,32.27,NA,NA,NA,11596
WLF,Wallis and Futuna,2023,308668.8,695.59,NA,61.66,58.67,32.48,NA,NA,NA,11596
WLF,Wallis and Futuna,2024,326928.1,782.54,NA,NA,NA,NA,NA,NA,NA,11596
WSM,Samoa,2020,4.64,0,NA,NA,NA,NA,NA,NA,NA,222390
WSM,Samoa,2021,9.29,0,NA,63.59,54.75,NA,NA,NA,NA,222390
WSM,Samoa,2022,75579.86,134.72,NA,85.94,79.88,35.55,NA,NA,NA,222390
WSM,Samoa,2023,78794.44,144.01,NA,86.07,80.02,36.99,NA,NA,NA,222390
WSM,Samoa,2024,79235.75,144.01,NA,NA,NA,NA,NA,NA,NA,222390
YEM,Yemen,2020,54.84,15.88,NA,NA,NA,NA,NA,NA,31.60629834254145,33696612
YEM,Yemen,2021,264.53,51.88,NA,0.98,0.64,NA,NA,NA,31.496410958904104,33696612
YEM,Yemen,2022,312.51,56.48,NA,2.98,2.25,0.18,NA,NA,13.57430136986304,33696612
YEM,Yemen,2023,312.51,56.48,NA,3.12,2.4,0.2,NA,NA,NA,33696612
YEM,Yemen,2024,312.51,56.48,NA,NA,NA,NA,NA,NA,NA,33696612
ZAF,South Africa,2020,15949.6,425.16,798.47,NA,NA,NA,44.98,222.06,55.09024861878452,59893884
ZAF,South Africa,2021,54633.27,1455.2,4027.19,31.57,26.44,NA,41.66,301.1,52.714438356164386,59893884
ZAF,South Africa,2022,64897.96,1644.29,4671.98,40.02,35.13,6.47,12.37,156.58,24.33413698630137,59893884
ZAF,South Africa,2023,65289.18,1644.72,5115.79,40.42,35.13,7.36,NA,NA,NA,59893884
ZAF,South Africa,2024,65291.25,1644.72,NA,NA,NA,NA,NA,NA,NA,59893884
ZMB,Zambia,2020,976.09,18.95,NA,NA,NA,NA,NA,NA,38.74008287292818,20017670
ZMB,Zambia,2021,11491.18,183.45,NA,4.03,6.08,NA,NA,NA,41.56734246575342,20017670
ZMB,Zambia,2022,16576.54,199.57,NA,53.97,42.74,0.17,NA,NA,15.472684931506837,20017670
ZMB,Zambia,2023,17332.66,201.91,NA,58.51,46.03,NA,NA,NA,NA,20017670
ZMB,Zambia,2024,17359.36,202.3,NA,NA,NA,NA,NA,NA,NA,20017670
ZWE,Zimbabwe,2020,806.71,21.22,NA,NA,NA,NA,NA,NA,61.74267955801103,16320539
ZWE,Zimbabwe,2021,12679.4,304,NA,25.27,19.21,0.03,NA,NA,61.88493150684931,16320539
ZWE,Zimbabwe,2022,16176.68,350.67,NA,39.45,29.11,6.33,NA,NA,51.83391780821918,16320539
ZWE,Zimbabwe,2023,16557.97,356.65,NA,NA,NA,NA,NA,NA,NA,16320539
ZWE,Zimbabwe,2024,16577.57,357.21,NA,NA,NA,NA,NA,NA,NA,16320539
